{
  "lang":"en",
  "name":"pipeline",
  "version":"0.0.0",
  "spacy_version":">=3.8.7,<3.9.0",
  "description":"",
  "author":"",
  "email":"",
  "url":"",
  "license":"",
  "spacy_git_version":"4b65aa7",
  "vectors":{
    "width":0,
    "vectors":0,
    "keys":0,
    "name":null,
    "mode":"default"
  },
  "labels":{
    "tok2vec":[

    ],
    "ner":[
      "INVESTIGATION",
      "NEW_BORN",
      "OBSERVED_VALUE",
      "REFERENCE_RANGE",
      "REF_BY",
      "RESULTS",
      "RESULT_VALUE",
      "SPECIMEN",
      "TEST",
      "TEST_NAME",
      "TOTAL_PROTEIN_7.1_G_DL_UMBILICAL_CORD_=",
      "UNIT",
      "UNITS"
    ]
  },
  "pipeline":[
    "tok2vec",
    "ner"
  ],
  "components":[
    "tok2vec",
    "ner"
  ],
  "disabled":[

  ],
  "performance":{
    "ents_f":0.546875,
    "ents_p":0.7954545455,
    "ents_r":0.4166666667,
    "ents_per_type":{
      "RESULTS":{
        "p":0.8235294118,
        "r":0.7777777778,
        "f":0.8
      },
      "REF_BY":{
        "p":1.0,
        "r":0.5,
        "f":0.6666666667
      },
      "UNITS":{
        "p":0.25,
        "r":0.2,
        "f":0.2222222222
      },
      "TEST_NAME":{
        "p":1.0,
        "r":0.9090909091,
        "f":0.9523809524
      },
      "UNIT":{
        "p":0.3333333333,
        "r":1.0,
        "f":0.5
      },
      "OBSERVED_VALUE":{
        "p":0.75,
        "r":1.0,
        "f":0.8571428571
      },
      "INVESTIGATION":{
        "p":1.0,
        "r":1.0,
        "f":1.0
      },
      "SPECIMEN":{
        "p":1.0,
        "r":1.0,
        "f":1.0
      },
      "COLLECTED_AT":{
        "p":0.0,
        "r":0.0,
        "f":0.0
      },
      "LAB._ID":{
        "p":0.0,
        "r":0.0,
        "f":0.0
      },
      "METHOD":{
        "p":0.0,
        "r":0.0,
        "f":0.0
      },
      "RECEIVED":{
        "p":0.0,
        "r":0.0,
        "f":0.0
      },
      "NAME":{
        "p":0.0,
        "r":0.0,
        "f":0.0
      },
      "AGE":{
        "p":0.0,
        "r":0.0,
        "f":0.0
      }
    },
    "tok2vec_loss":22.26100875,
    "ner_loss":2.4571211338
  }
}