{
    "patient_info": {
        "Name": "Mr K P SHRAVAN Gender: Male LabID : 50641000301",
        "Age’": "40 Years Mob. No. : 9035707662 Pt.ID : 6186848",
        "B2B_ SC": "Ref. By © VIKRAMKAMATH Pt. Loc",
        "Reg Date and Time =": "29-Jun-2025 06:37 Report Date and Time : Ref Id1"
    },
    "lab_results": [
        {
            "Test Name": {
                "value": "Adjusted Calcium",
                "confidence": 95
            },
            "Result Value": {
                "value": "8.1",
                "confidence": 96
            },
            "Unit": {
                "value": "mg/dL",
                "confidence": 81
            },
            "Reference Range": {
                "value": "8.8 10.4",
                "confidence": 90
            }
        },
        {
            "Test Name": {
                "value": "Chloride",
                "confidence": 96
            },
            "Result Value": {
                "value": "109",
                "confidence": 96
            },
            "Unit": {
                "value": "mEq/L",
                "confidence": 82
            },
            "Reference Range": {
                "value": "98 107",
                "confidence": 92
            }
        },
        {
            "Test Name": {
                "value": "LDL Cholesterol (Direct)",
                "confidence": 95
            },
            "Result Value": {
                "value": "32",
                "confidence": 96
            },
            "Unit": {
                "value": "mg/dL",
                "confidence": 81
            },
            "Reference Range": {
                "value": "<100 Optimal",
                "confidence": 92
            }
        },
        {
            "Test Name": {
                "value": "Active B12",
                "confidence": 93
            },
            "Result Value": {
                "value": "> 256.0",
                "confidence": 95
            },
            "Unit": {
                "value": "pmol/L",
                "confidence": 96
            },
            "Reference Range": {
                "value": "25.1 165.0",
                "confidence": 88
            }
        },
        {
            "Test Name": {
                "value": "Shivajinagar,",
                "confidence": 91
            },
            "Result Value": {
                "value": "1800 425 1974",
                "confidence": 96
            },
            "Unit": {
                "value": "Chennai",
                "confidence": 87
            },
            "Reference Range": {
                "value": "G00096, Tamil Nadu, India.",
                "confidence": 52
            }
        },
        {
            "Test Name": {
                "value": "Homocysteine",
                "confidence": 96
            },
            "Result Value": {
                "value": "7.02",
                "confidence": 95
            },
            "Unit": {
                "value": "6.6 14.8",
                "confidence": 85
            },
            "Reference Range": {
                "value": "",
                "confidence": 100
            }
        },
        {
            "Test Name": {
                "value": "Serum",
                "confidence": 96
            },
            "Result Value": {
                "value": "06:42",
                "confidence": 96
            },
            "Unit": {
                "value": "",
                "confidence": 100
            },
            "Reference Range": {
                "value": "",
                "confidence": 100
            }
        },
        {
            "Test Name": {
                "value": "DLH 2018 0000588 KTK",
                "confidence": 92
            },
            "Result Value": {
                "value": "",
                "confidence": 100
            },
            "Unit": {
                "value": "",
                "confidence": 100
            },
            "Reference Range": {
                "value": "",
                "confidence": 100
            }
        },
        {
            "Test Name": {
                "value": "Shivajinagar,",
                "confidence": 90
            },
            "Result Value": {
                "value": "= 1800 425 1974",
                "confidence": 56
            },
            "Unit": {
                "value": "Chennai",
                "confidence": 91
            },
            "Reference Range": {
                "value": "600096, Tami! Nadu, India.",
                "confidence": 87
            }
        },
        {
            "Test Name": {
                "value": "Reg Date and Time -",
                "confidence": 0
            },
            "Result Value": {
                "value": "06:37 Report Date and",
                "confidence": 96
            },
            "Unit": {
                "value": "29-Jun-2025",
                "confidence": 95
            },
            "Reference Range": {
                "value": "Ref Id1",
                "confidence": 86
            }
        },
        {
            "Test Name": {
                "value": "Haemoglobin",
                "confidence": 94
            },
            "Result Value": {
                "value": "14.5 g/dL",
                "confidence": 94
            },
            "Unit": {
                "value": "13.5 16.5",
                "confidence": 68
            },
            "Reference Range": {
                "value": "",
                "confidence": 100
            }
        },
        {
            "Test Name": {
                "value": "PCV",
                "confidence": 96
            },
            "Result Value": {
                "value": "44.80 %",
                "confidence": 92
            },
            "Unit": {
                "value": "54",
                "confidence": 96
            },
            "Reference Range": {
                "value": "",
                "confidence": 100
            }
        },
        {
            "Test Name": {
                "value": "RBC (Electrical Impedance)",
                "confidence": 93
            },
            "Result Value": {
                "value": "5.31",
                "confidence": 95
            },
            "Unit": {
                "value": "4.2 6.5",
                "confidence": 92
            },
            "Reference Range": {
                "value": "",
                "confidence": 100
            }
        },
        {
            "Test Name": {
                "value": "Mean Corpuscular Volume",
                "confidence": 91
            },
            "Result Value": {
                "value": "84.4 fL",
                "confidence": 82
            },
            "Unit": {
                "value": "75-95",
                "confidence": 73
            },
            "Reference Range": {
                "value": "",
                "confidence": 100
            }
        },
        {
            "Test Name": {
                "value": "Mean Corpuscular Hemoglobin",
                "confidence": 92
            },
            "Result Value": {
                "value": "27.3 pg",
                "confidence": 95
            },
            "Unit": {
                "value": "32",
                "confidence": 94
            },
            "Reference Range": {
                "value": "",
                "confidence": 100
            }
        },
        {
            "Test Name": {
                "value": "Mean Corpuscular Hb",
                "confidence": 92
            },
            "Result Value": {
                "value": "32.4 g/dL",
                "confidence": 94
            },
            "Unit": {
                "value": "35",
                "confidence": 96
            },
            "Reference Range": {
                "value": "",
                "confidence": 100
            }
        },
        {
            "Test Name": {
                "value": "Red Cell Distribution Width",
                "confidence": 93
            },
            "Result Value": {
                "value": "13.30 %",
                "confidence": 92
            },
            "Unit": {
                "value": "11-16",
                "confidence": 96
            },
            "Reference Range": {
                "value": "",
                "confidence": 100
            }
        },
        {
            "Test Name": {
                "value": "Total WBC Count",
                "confidence": 96
            },
            "Result Value": {
                "value": "7000",
                "confidence": 96
            },
            "Unit": {
                "value": "4000 11000",
                "confidence": 80
            },
            "Reference Range": {
                "value": "",
                "confidence": 100
            }
        },
        {
            "Test Name": {
                "value": "Neutrophil",
                "confidence": 96
            },
            "Result Value": {
                "value": "60.7 %",
                "confidence": 92
            },
            "Unit": {
                "value": "40-75",
                "confidence": 94
            },
            "Reference Range": {
                "value": "",
                "confidence": 100
            }
        },
        {
            "Test Name": {
                "value": "Lymphocyte",
                "confidence": 96
            },
            "Result Value": {
                "value": "28.9 %",
                "confidence": 92
            },
            "Unit": {
                "value": "45",
                "confidence": 96
            },
            "Reference Range": {
                "value": "",
                "confidence": 100
            }
        },
        {
            "Test Name": {
                "value": "KMC NO. 97304",
                "confidence": 93
            },
            "Result Value": {
                "value": "",
                "confidence": 100
            },
            "Unit": {
                "value": "",
                "confidence": 100
            },
            "Reference Range": {
                "value": "",
                "confidence": 100
            }
        },
        {
            "Test Name": {
                "value": "Shivajinagar,",
                "confidence": 91
            },
            "Result Value": {
                "value": "1800 425 1974",
                "confidence": 76
            },
            "Unit": {
                "value": "Chennai",
                "confidence": 92
            },
            "Reference Range": {
                "value": "600096, Tamil Nadu, India.",
                "confidence": 81
            }
        },
        {
            "Test Name": {
                "value": "Eosinophil",
                "confidence": 96
            },
            "Result Value": {
                "value": "2.1 %",
                "confidence": 88
            },
            "Unit": {
                "value": "1-6",
                "confidence": 96
            },
            "Reference Range": {
                "value": "",
                "confidence": 100
            }
        },
        {
            "Test Name": {
                "value": "Monocytes",
                "confidence": 96
            },
            "Result Value": {
                "value": "7.7 %",
                "confidence": 90
            },
            "Unit": {
                "value": "1-10",
                "confidence": 94
            },
            "Reference Range": {
                "value": "",
                "confidence": 100
            }
        },
        {
            "Test Name": {
                "value": "Basophil",
                "confidence": 92
            },
            "Result Value": {
                "value": "0.6 %",
                "confidence": 90
            },
            "Unit": {
                "value": "0-1",
                "confidence": 90
            },
            "Reference Range": {
                "value": "",
                "confidence": 100
            }
        },
        {
            "Test Name": {
                "value": "Platelet Count",
                "confidence": 95
            },
            "Result Value": {
                "value": "335000",
                "confidence": 96
            },
            "Unit": {
                "value": "150000",
                "confidence": 85
            },
            "Reference Range": {
                "value": "",
                "confidence": 100
            }
        },
        {
            "Test Name": {
                "value": "Mean Platelet Volume",
                "confidence": 96
            },
            "Result Value": {
                "value": "8.30 fL",
                "confidence": 68
            },
            "Unit": {
                "value": "6.5 12",
                "confidence": 80
            },
            "Reference Range": {
                "value": "",
                "confidence": 100
            }
        },
        {
            "Test Name": {
                "value": "Whole Blood EDTA",
                "confidence": 95
            },
            "Result Value": {
                "value": "06:42",
                "confidence": 96
            },
            "Unit": {
                "value": "",
                "confidence": 100
            },
            "Reference Range": {
                "value": "",
                "confidence": 100
            }
        },
        {
            "Test Name": {
                "value": "KMC NO. 97304",
                "confidence": 92
            },
            "Result Value": {
                "value": "",
                "confidence": 100
            },
            "Unit": {
                "value": "",
                "confidence": 100
            },
            "Reference Range": {
                "value": "",
                "confidence": 100
            }
        },
        {
            "Test Name": {
                "value": "Shivajinagar,",
                "confidence": 91
            },
            "Result Value": {
                "value": "1800 425 1974",
                "confidence": 95
            },
            "Unit": {
                "value": "Chennai",
                "confidence": 92
            },
            "Reference Range": {
                "value": "600096, Tamil Nadu, India.",
                "confidence": 89
            }
        },
        {
            "Test Name": {
                "value": "Cholesterol",
                "confidence": 94
            },
            "Result Value": {
                "value": "118 mg/dL",
                "confidence": 92
            },
            "Unit": {
                "value": "Desirable",
                "confidence": 96
            },
            "Reference Range": {
                "value": ": <200",
                "confidence": 67
            }
        },
        {
            "Test Name": {
                "value": "Enzymatic",
                "confidence": 96
            },
            "Result Value": {
                "value": "",
                "confidence": 100
            },
            "Unit": {
                "value": "Borderline",
                "confidence": 96
            },
            "Reference Range": {
                "value": ": 200-239",
                "confidence": 85
            }
        },
        {
            "Test Name": {
                "value": "Triglyceride",
                "confidence": 96
            },
            "Result Value": {
                "value": "154 mg/dL",
                "confidence": 92
            },
            "Unit": {
                "value": "<150 mg/dL",
                "confidence": 92
            },
            "Reference Range": {
                "value": "Normal",
                "confidence": 96
            }
        },
        {
            "Test Name": {
                "value": "HDL Cholesterol",
                "confidence": 88
            },
            "Result Value": {
                "value": "45.0 mg/dL",
                "confidence": 92
            },
            "Unit": {
                "value": "No risk",
                "confidence": 92
            },
            "Reference Range": {
                "value": "",
                "confidence": 100
            }
        },
        {
            "Test Name": {
                "value": "LDL Cholesterol (Direct)",
                "confidence": 96
            },
            "Result Value": {
                "value": "32 mg/dL",
                "confidence": 92
            },
            "Unit": {
                "value": "<100",
                "confidence": 91
            },
            "Reference Range": {
                "value": "",
                "confidence": 100
            }
        },
        {
            "Test Name": {
                "value": "detergent",
                "confidence": 95
            },
            "Result Value": {
                "value": "",
                "confidence": 100
            },
            "Unit": {
                "value": "130 159",
                "confidence": 89
            },
            "Reference Range": {
                "value": "Borderline",
                "confidence": 96
            }
        },
        {
            "Test Name": {
                "value": "LDL CHOL/HDL CHOL",
                "confidence": 90
            },
            "Result Value": {
                "value": "0.7",
                "confidence": 96
            },
            "Unit": {
                "value": "<3.5",
                "confidence": 92
            },
            "Reference Range": {
                "value": "",
                "confidence": 100
            }
        },
        {
            "Test Name": {
                "value": "DLH 2018 0000588 KTK",
                "confidence": 92
            },
            "Result Value": {
                "value": "",
                "confidence": 100
            },
            "Unit": {
                "value": "",
                "confidence": 100
            },
            "Reference Range": {
                "value": "",
                "confidence": 100
            }
        },
        {
            "Test Name": {
                "value": "Shivajinagar,",
                "confidence": 91
            },
            "Result Value": {
                "value": "1800 425 1974",
                "confidence": 76
            },
            "Unit": {
                "value": "Chennai",
                "confidence": 92
            },
            "Reference Range": {
                "value": "600096, Tamil Nadu, India.",
                "confidence": 81
            }
        },
        {
            "Test Name": {
                "value": "Reg Date and Time -",
                "confidence": 0
            },
            "Result Value": {
                "value": "06:37 Report Date and",
                "confidence": 93
            },
            "Unit": {
                "value": "29-Jun-2025",
                "confidence": 48
            },
            "Reference Range": {
                "value": "Ref Id1",
                "confidence": 65
            }
        },
        {
            "Test Name": {
                "value": "NON HDL Cholestrol",
                "confidence": 77
            },
            "Result Value": {
                "value": "73.0 mg/dL",
                "confidence": 94
            },
            "Unit": {
                "value": "CHD and",
                "confidence": 95
            },
            "Reference Range": {
                "value": "risk",
                "confidence": 96
            }
        },
        {
            "Test Name": {
                "value": "Calculated",
                "confidence": 94
            },
            "Result Value": {
                "value": "",
                "confidence": 100
            },
            "Unit": {
                "value": "equivalent",
                "confidence": 96
            },
            "Reference Range": {
                "value": "(10-year risk for",
                "confidence": 96
            }
        },
        {
            "Test Name": {
                "value": "Free T4",
                "confidence": 91
            },
            "Result Value": {
                "value": "1.10 ng/dL",
                "confidence": 61
            },
            "Unit": {
                "value": "Adults: 0.70",
                "confidence": 93
            },
            "Reference Range": {
                "value": "1.48",
                "confidence": 96
            }
        },
        {
            "Test Name": {
                "value": "TSH",
                "confidence": 95
            },
            "Result Value": {
                "value": "1.45",
                "confidence": 96
            },
            "Unit": {
                "value": "0.35 4.94",
                "confidence": 93
            },
            "Reference Range": {
                "value": "",
                "confidence": 100
            }
        },
        {
            "Test Name": {
                "value": "Serum",
                "confidence": 96
            },
            "Result Value": {
                "value": "06:42",
                "confidence": 96
            },
            "Unit": {
                "value": "",
                "confidence": 100
            },
            "Reference Range": {
                "value": "",
                "confidence": 100
            }
        },
        {
            "Test Name": {
                "value": "C- Reactive Protein",
                "confidence": 93
            },
            "Result Value": {
                "value": "0.20 mg/dL",
                "confidence": 92
            },
            "Unit": {
                "value": "<0.5",
                "confidence": 92
            },
            "Reference Range": {
                "value": "",
                "confidence": 100
            }
        },
        {
            "Test Name": {
                "value": "Calcium",
                "confidence": 96
            },
            "Result Value": {
                "value": "8.50 mg/dL",
                "confidence": 92
            },
            "Unit": {
                "value": "8.4 10.2",
                "confidence": 78
            },
            "Reference Range": {
                "value": "",
                "confidence": 100
            }
        },
        {
            "Test Name": {
                "value": "Albumin",
                "confidence": 96
            },
            "Result Value": {
                "value": "4.44 g/dL",
                "confidence": 94
            },
            "Unit": {
                "value": "3.5 5.0",
                "confidence": 39
            },
            "Reference Range": {
                "value": "",
                "confidence": 100
            }
        },
        {
            "Test Name": {
                "value": "Adjusted Calcium",
                "confidence": 95
            },
            "Result Value": {
                "value": "8.1 mg/dL",
                "confidence": 92
            },
            "Unit": {
                "value": "8.8 10.4",
                "confidence": 90
            },
            "Reference Range": {
                "value": "",
                "confidence": 100
            }
        },
        {
            "Test Name": {
                "value": "DLH 2018 0000588 KTK",
                "confidence": 93
            },
            "Result Value": {
                "value": "",
                "confidence": 100
            },
            "Unit": {
                "value": "",
                "confidence": 100
            },
            "Reference Range": {
                "value": "",
                "confidence": 100
            }
        },
        {
            "Test Name": {
                "value": "Shivajinagar,",
                "confidence": 89
            },
            "Result Value": {
                "value": "1800 425 1974",
                "confidence": 85
            },
            "Unit": {
                "value": "Chennai",
                "confidence": 92
            },
            "Reference Range": {
                "value": "600096, Tamil Nadu, India.",
                "confidence": 88
            }
        },
        {
            "Test Name": {
                "value": "Reg Date and Time -",
                "confidence": 0
            },
            "Result Value": {
                "value": "06:37 Report Date and",
                "confidence": 93
            },
            "Unit": {
                "value": "29-Jun-2025",
                "confidence": 48
            },
            "Reference Range": {
                "value": "Ref Id1",
                "confidence": 65
            }
        },
        {
            "Test Name": {
                "value": "DLH 2018 0000588 KTK",
                "confidence": 93
            },
            "Result Value": {
                "value": "",
                "confidence": 100
            },
            "Unit": {
                "value": "",
                "confidence": 100
            },
            "Reference Range": {
                "value": "",
                "confidence": 100
            }
        },
        {
            "Test Name": {
                "value": "Shivajinagar,",
                "confidence": 89
            },
            "Result Value": {
                "value": "1800 425 1974",
                "confidence": 85
            },
            "Unit": {
                "value": "Chennai",
                "confidence": 92
            },
            "Reference Range": {
                "value": "600096, Tamil Nadu, India.",
                "confidence": 88
            }
        },
        {
            "Test Name": {
                "value": "HbA1C",
                "confidence": 92
            },
            "Result Value": {
                "value": "5.5 %",
                "confidence": 80
            },
            "Unit": {
                "value": "</= 5.6 %",
                "confidence": 86
            },
            "Reference Range": {
                "value": "NORMAL",
                "confidence": 96
            }
        },
        {
            "Test Name": {
                "value": "Capillary Electrophoresis",
                "confidence": 96
            },
            "Result Value": {
                "value": "",
                "confidence": 100
            },
            "Unit": {
                "value": "5.7-6.4%-",
                "confidence": 78
            },
            "Reference Range": {
                "value": "",
                "confidence": 100
            }
        },
        {
            "Test Name": {
                "value": "Estimated Avg Glucose (3",
                "confidence": 96
            },
            "Result Value": {
                "value": "111.15",
                "confidence": 95
            },
            "Unit": {
                "value": "Not available",
                "confidence": 95
            },
            "Reference Range": {
                "value": "",
                "confidence": 100
            }
        },
        {
            "Test Name": {
                "value": "Increased HbA1C values may be",
                "confidence": 84
            },
            "Result Value": {
                "value": "polycythemia or post splenectomy",
                "confidence": 96
            },
            "Unit": {
                "value": "",
                "confidence": 100
            },
            "Reference Range": {
                "value": "",
                "confidence": 100
            }
        },
        {
            "Test Name": {
                "value": "KMC NO. 97304",
                "confidence": 92
            },
            "Result Value": {
                "value": "",
                "confidence": 100
            },
            "Unit": {
                "value": "",
                "confidence": 100
            },
            "Reference Range": {
                "value": "",
                "confidence": 100
            }
        },
        {
            "Test Name": {
                "value": "Shivajinagar,",
                "confidence": 91
            },
            "Result Value": {
                "value": "1800 425 1974",
                "confidence": 95
            },
            "Unit": {
                "value": "Chennai",
                "confidence": 92
            },
            "Reference Range": {
                "value": "600096, Tamil Nadu, India.",
                "confidence": 89
            }
        },
        {
            "Test Name": {
                "value": "Reg Date and Time -",
                "confidence": 0
            },
            "Result Value": {
                "value": "06:37 Report Date and",
                "confidence": 96
            },
            "Unit": {
                "value": "29-Jun-2025",
                "confidence": 95
            },
            "Reference Range": {
                "value": "Ref Id1",
                "confidence": 85
            }
        },
        {
            "Test Name": {
                "value": "Cholesterol",
                "confidence": 94
            },
            "Result Value": {
                "value": "118 mg/dL",
                "confidence": 92
            },
            "Unit": {
                "value": "Desirable",
                "confidence": 96
            },
            "Reference Range": {
                "value": ": <200",
                "confidence": 67
            }
        },
        {
            "Test Name": {
                "value": "Enzymatic",
                "confidence": 96
            },
            "Result Value": {
                "value": "",
                "confidence": 100
            },
            "Unit": {
                "value": "Borderline",
                "confidence": 96
            },
            "Reference Range": {
                "value": ": 200-239",
                "confidence": 90
            }
        },
        {
            "Test Name": {
                "value": "Proteins (Total)",
                "confidence": 96
            },
            "Result Value": {
                "value": "6.84 g/dL",
                "confidence": 94
            },
            "Unit": {
                "value": "6.4 -8.3",
                "confidence": 68
            },
            "Reference Range": {
                "value": "",
                "confidence": 100
            }
        },
        {
            "Test Name": {
                "value": "Albumin",
                "confidence": 95
            },
            "Result Value": {
                "value": "4.44 g/dL",
                "confidence": 94
            },
            "Unit": {
                "value": "3.5 5.0",
                "confidence": 84
            },
            "Reference Range": {
                "value": "",
                "confidence": 100
            }
        },
        {
            "Test Name": {
                "value": "Globulin",
                "confidence": 95
            },
            "Result Value": {
                "value": "2.40 g/dL",
                "confidence": 94
            },
            "Unit": {
                "value": "2-3",
                "confidence": 95
            },
            "Reference Range": {
                "value": "",
                "confidence": 100
            }
        },
        {
            "Test Name": {
                "value": "Albumin / Globulin RATIO",
                "confidence": 89
            },
            "Result Value": {
                "value": "1.85",
                "confidence": 95
            },
            "Unit": {
                "value": "1.5-2.5",
                "confidence": 91
            },
            "Reference Range": {
                "value": "",
                "confidence": 100
            }
        },
        {
            "Test Name": {
                "value": "S.G.P.T.",
                "confidence": 86
            },
            "Result Value": {
                "value": "30 U/L",
                "confidence": 96
            },
            "Unit": {
                "value": "0-55",
                "confidence": 93
            },
            "Reference Range": {
                "value": "",
                "confidence": 100
            }
        },
        {
            "Test Name": {
                "value": "S.G.O.T.",
                "confidence": 52
            },
            "Result Value": {
                "value": "27 U/L",
                "confidence": 96
            },
            "Unit": {
                "value": "34",
                "confidence": 96
            },
            "Reference Range": {
                "value": "",
                "confidence": 100
            }
        },
        {
            "Test Name": {
                "value": "Alkaline Phosphatase",
                "confidence": 96
            },
            "Result Value": {
                "value": "97.0 U/L",
                "confidence": 96
            },
            "Unit": {
                "value": "116",
                "confidence": 96
            },
            "Reference Range": {
                "value": "",
                "confidence": 100
            }
        },
        {
            "Test Name": {
                "value": "Gamma Glutamyl Transferase",
                "confidence": 84
            },
            "Result Value": {
                "value": "15.0 U/L",
                "confidence": 95
            },
            "Unit": {
                "value": "<55",
                "confidence": 90
            },
            "Reference Range": {
                "value": "",
                "confidence": 100
            }
        },
        {
            "Test Name": {
                "value": "Bilirubin Total",
                "confidence": 95
            },
            "Result Value": {
                "value": "0.80 mg/dL",
                "confidence": 93
            },
            "Unit": {
                "value": "0.3-1.2",
                "confidence": 90
            },
            "Reference Range": {
                "value": "",
                "confidence": 100
            }
        },
        {
            "Test Name": {
                "value": "Bilirubin-Direct",
                "confidence": 91
            },
            "Result Value": {
                "value": "0.31 mg/dL",
                "confidence": 93
            },
            "Unit": {
                "value": "0.0 0.5",
                "confidence": 82
            },
            "Reference Range": {
                "value": "",
                "confidence": 100
            }
        },
        {
            "Test Name": {
                "value": "DLH 2018 0000588 KTK",
                "confidence": 92
            },
            "Result Value": {
                "value": "",
                "confidence": 100
            },
            "Unit": {
                "value": "",
                "confidence": 100
            },
            "Reference Range": {
                "value": "",
                "confidence": 100
            }
        },
        {
            "Test Name": {
                "value": "Shivajinagar,",
                "confidence": 91
            },
            "Result Value": {
                "value": "1800 425 1974",
                "confidence": 76
            },
            "Unit": {
                "value": "Chennai",
                "confidence": 92
            },
            "Reference Range": {
                "value": "600096, Tamil Nadu, India.",
                "confidence": 81
            }
        },
        {
            "Test Name": {
                "value": "Bilirubin Indirect",
                "confidence": 96
            },
            "Result Value": {
                "value": "0.49 mg/dL",
                "confidence": 94
            },
            "Unit": {
                "value": "0-0.8",
                "confidence": 92
            },
            "Reference Range": {
                "value": "",
                "confidence": 100
            }
        },
        {
            "Test Name": {
                "value": "Serum",
                "confidence": 96
            },
            "Result Value": {
                "value": "06:42",
                "confidence": 96
            },
            "Unit": {
                "value": "",
                "confidence": 100
            },
            "Reference Range": {
                "value": "",
                "confidence": 100
            }
        },
        {
            "Test Name": {
                "value": "DLH 2018 0000588 KTK",
                "confidence": 92
            },
            "Result Value": {
                "value": "",
                "confidence": 100
            },
            "Unit": {
                "value": "",
                "confidence": 100
            },
            "Reference Range": {
                "value": "",
                "confidence": 100
            }
        },
        {
            "Test Name": {
                "value": "Shivajinagar,",
                "confidence": 91
            },
            "Result Value": {
                "value": "1800 425 1974",
                "confidence": 95
            },
            "Unit": {
                "value": "Chennai",
                "confidence": 92
            },
            "Reference Range": {
                "value": "600096, Tamil Nadu, India.",
                "confidence": 89
            }
        },
        {
            "Test Name": {
                "value": "Reg Date and Time -",
                "confidence": 0
            },
            "Result Value": {
                "value": "06:37 Report Date and",
                "confidence": 95
            },
            "Unit": {
                "value": "29-Jun-2025",
                "confidence": 77
            },
            "Reference Range": {
                "value": "Ref Id1",
                "confidence": 77
            }
        },
        {
            "Test Name": {
                "value": "Urea",
                "confidence": 96
            },
            "Result Value": {
                "value": "31.24 mg/dL",
                "confidence": 94
            },
            "Unit": {
                "value": "<42.8",
                "confidence": 85
            },
            "Reference Range": {
                "value": "",
                "confidence": 100
            }
        },
        {
            "Test Name": {
                "value": "Creatinine",
                "confidence": 96
            },
            "Result Value": {
                "value": "1.11 mg/dL",
                "confidence": 79
            },
            "Unit": {
                "value": "0.6 1.3",
                "confidence": 80
            },
            "Reference Range": {
                "value": "",
                "confidence": 100
            }
        },
        {
            "Test Name": {
                "value": "Uric Acid",
                "confidence": 96
            },
            "Result Value": {
                "value": "5.0 mg/dL",
                "confidence": 92
            },
            "Unit": {
                "value": "3.7 7.7",
                "confidence": 55
            },
            "Reference Range": {
                "value": "",
                "confidence": 100
            }
        },
        {
            "Test Name": {
                "value": "Sodium",
                "confidence": 96
            },
            "Result Value": {
                "value": "140",
                "confidence": 96
            },
            "Unit": {
                "value": "136 145",
                "confidence": 89
            },
            "Reference Range": {
                "value": "",
                "confidence": 100
            }
        },
        {
            "Test Name": {
                "value": "Potassium",
                "confidence": 96
            },
            "Result Value": {
                "value": "4.36",
                "confidence": 96
            },
            "Unit": {
                "value": "3.5 5.1",
                "confidence": 59
            },
            "Reference Range": {
                "value": "",
                "confidence": 100
            }
        },
        {
            "Test Name": {
                "value": "Chloride",
                "confidence": 96
            },
            "Result Value": {
                "value": "109",
                "confidence": 96
            },
            "Unit": {
                "value": "107",
                "confidence": 95
            },
            "Reference Range": {
                "value": "",
                "confidence": 100
            }
        },
        {
            "Test Name": {
                "value": "BUN",
                "confidence": 96
            },
            "Result Value": {
                "value": "14.56 mg/dL",
                "confidence": 92
            },
            "Unit": {
                "value": "20 mg/dL",
                "confidence": 96
            },
            "Reference Range": {
                "value": "",
                "confidence": 100
            }
        },
        {
            "Test Name": {
                "value": "Serum",
                "confidence": 95
            },
            "Result Value": {
                "value": "06:42",
                "confidence": 96
            },
            "Unit": {
                "value": "",
                "confidence": 100
            },
            "Reference Range": {
                "value": "",
                "confidence": 100
            }
        },
        {
            "Test Name": {
                "value": "Blood Glucose Levels",
                "confidence": 95
            },
            "Result Value": {
                "value": "96.00 mg/dL",
                "confidence": 92
            },
            "Unit": {
                "value": "Fasting >/=",
                "confidence": 92
            },
            "Reference Range": {
                "value": "mg/dl",
                "confidence": 91
            }
        },
        {
            "Test Name": {
                "value": "Plasma Fluoride F",
                "confidence": 93
            },
            "Result Value": {
                "value": "06:42",
                "confidence": 96
            },
            "Unit": {
                "value": "",
                "confidence": 100
            },
            "Reference Range": {
                "value": "",
                "confidence": 100
            }
        },
        {
            "Test Name": {
                "value": "DLH 2018 0000588 KTK",
                "confidence": 93
            },
            "Result Value": {
                "value": "",
                "confidence": 100
            },
            "Unit": {
                "value": "",
                "confidence": 100
            },
            "Reference Range": {
                "value": "",
                "confidence": 100
            }
        },
        {
            "Test Name": {
                "value": "Shivajinagar,",
                "confidence": 89
            },
            "Result Value": {
                "value": "1800 425 1974",
                "confidence": 85
            },
            "Unit": {
                "value": "Chennai",
                "confidence": 92
            },
            "Reference Range": {
                "value": "600096, Tamil Nadu, India.",
                "confidence": 88
            }
        },
        {
            "Test Name": {
                "value": "Sample Received at .",
                "confidence": 15
            },
            "Result Value": {
                "value": "Road",
                "confidence": 96
            },
            "Unit": {
                "value": "",
                "confidence": 100
            },
            "Reference Range": {
                "value": "Ref Id2",
                "confidence": 80
            }
        },
        {
            "Test Name": {
                "value": "Vitamin D (Total)",
                "confidence": 93
            },
            "Result Value": {
                "value": "35.00 ng/mL",
                "confidence": 95
            },
            "Unit": {
                "value": "Less than",
                "confidence": 94
            },
            "Reference Range": {
                "value": "ng/ml :",
                "confidence": 90
            }
        },
        {
            "Test Name": {
                "value": "Serum",
                "confidence": 96
            },
            "Result Value": {
                "value": "06:42",
                "confidence": 96
            },
            "Unit": {
                "value": "",
                "confidence": 100
            },
            "Reference Range": {
                "value": "",
                "confidence": 100
            }
        },
        {},
        {},
        {},
        {},
        {}
    ],
    "metadata": {
        "extraction_method": "human_corrected",
        "num_tests_extracted": 106,
        "detected_columns": [
            "Test Name",
            "Result Value",
            "Unit",
            "Reference Range"
        ],
        "original_filename": "17756177_50641000301.pdf"
    }
}