[
    {
        "text": "a",
        "conf": 0.46,
        "bbox": {
            "left": 596,
            "top": 142,
            "width": 47,
            "height": 21
        }
    },
    {
        "text": "hal",
        "conf": 0.42,
        "bbox": {
            "left": 713,
            "top": 144,
            "width": 56,
            "height": 20
        }
    },
    {
        "text": "oe",
        "conf": 0.4,
        "bbox": {
            "left": 803,
            "top": 146,
            "width": 45,
            "height": 17
        }
    },
    {
        "text": "REFERENCE",
        "conf": 0.95,
        "bbox": {
            "left": 219,
            "top": 208,
            "width": 233,
            "height": 21
        }
    },
    {
        "text": "LABORATORY",
        "conf": 0.95,
        "bbox": {
            "left": 487,
            "top": 208,
            "width": 268,
            "height": 21
        }
    },
    {
        "text": "LABORATORY REPORT",
        "conf": 0.93,
        "bbox": {
            "left": 830,
            "top": 375,
            "width": 476,
            "height": 32
        }
    },
    {
        "text": "-",
        "conf": 0.58,
        "bbox": {
            "left": 1332,
            "top": 393,
            "width": 11,
            "height": 3
        }
    },
    {
        "text": "FINAL",
        "conf": 0.96,
        "bbox": {
            "left": 1375,
            "top": 375,
            "width": 118,
            "height": 31
        }
    },
    {
        "text": "MA",
        "conf": 0.35,
        "bbox": {
            "left": 1878,
            "top": 351,
            "width": 298,
            "height": 84
        }
    },
    {
        "text": "Name",
        "conf": 0.33,
        "bbox": {
            "left": 163,
            "top": 459,
            "width": 99,
            "height": 29
        }
    },
    {
        "text": ":",
        "conf": 0.33,
        "bbox": {
            "left": 298,
            "top": 467,
            "width": 4,
            "height": 20
        }
    },
    {
        "text": "Mr K P SHRAVAN",
        "conf": 0.47,
        "bbox": {
            "left": 321,
            "top": 459,
            "width": 310,
            "height": 28
        }
    },
    {
        "text": "Gender:",
        "conf": 0.17,
        "bbox": {
            "left": 1243,
            "top": 459,
            "width": 129,
            "height": 29
        }
    },
    {
        "text": "Male",
        "conf": 0.96,
        "bbox": {
            "left": 1452,
            "top": 459,
            "width": 77,
            "height": 29
        }
    },
    {
        "text": "LabID",
        "conf": 0.43,
        "bbox": {
            "left": 1834,
            "top": 459,
            "width": 110,
            "height": 29
        }
    },
    {
        "text": ":",
        "conf": 0.0,
        "bbox": {
            "left": 1992,
            "top": 467,
            "width": 3,
            "height": 20
        }
    },
    {
        "text": "50641000301",
        "conf": 0.96,
        "bbox": {
            "left": 2016,
            "top": 460,
            "width": 222,
            "height": 28
        }
    },
    {
        "text": "Age\u2019",
        "conf": 0.47,
        "bbox": {
            "left": 162,
            "top": 520,
            "width": 68,
            "height": 36
        }
    },
    {
        "text": ":",
        "conf": 0.67,
        "bbox": {
            "left": 278,
            "top": 516,
            "width": 19,
            "height": 45
        }
    },
    {
        "text": "40 Years",
        "conf": 0.95,
        "bbox": {
            "left": 320,
            "top": 521,
            "width": 152,
            "height": 28
        }
    },
    {
        "text": "Mob. No.",
        "conf": 0.92,
        "bbox": {
            "left": 1244,
            "top": 520,
            "width": 154,
            "height": 29
        }
    },
    {
        "text": ":",
        "conf": 0.6,
        "bbox": {
            "left": 1426,
            "top": 528,
            "width": 3,
            "height": 20
        }
    },
    {
        "text": "9035707662",
        "conf": 0.95,
        "bbox": {
            "left": 1451,
            "top": 521,
            "width": 205,
            "height": 28
        }
    },
    {
        "text": "Pt.ID",
        "conf": 0.44,
        "bbox": {
            "left": 1833,
            "top": 520,
            "width": 92,
            "height": 29
        }
    },
    {
        "text": ":",
        "conf": 0.17,
        "bbox": {
            "left": 1992,
            "top": 528,
            "width": 3,
            "height": 20
        }
    },
    {
        "text": "6186848",
        "conf": 0.94,
        "bbox": {
            "left": 2016,
            "top": 521,
            "width": 143,
            "height": 28
        }
    },
    {
        "text": "B2B_",
        "conf": 0.0,
        "bbox": {
            "left": 164,
            "top": 584,
            "width": 70,
            "height": 28
        }
    },
    {
        "text": "SC:",
        "conf": 0.45,
        "bbox": {
            "left": 298,
            "top": 592,
            "width": 4,
            "height": 20
        }
    },
    {
        "text": "Ref. By",
        "conf": 0.06,
        "bbox": {
            "left": 1244,
            "top": 584,
            "width": 126,
            "height": 29
        }
    },
    {
        "text": "\u00a9",
        "conf": 0.07,
        "bbox": {
            "left": 1426,
            "top": 593,
            "width": 3,
            "height": 22
        }
    },
    {
        "text": "VIKRAMKAMATH",
        "conf": 0.71,
        "bbox": {
            "left": 1451,
            "top": 584,
            "width": 305,
            "height": 28
        }
    },
    {
        "text": "Pt. Loc",
        "conf": 0.52,
        "bbox": {
            "left": 1833,
            "top": 584,
            "width": 121,
            "height": 29
        }
    },
    {
        "text": "Reg Date and Time",
        "conf": 0.68,
        "bbox": {
            "left": 164,
            "top": 651,
            "width": 333,
            "height": 36
        }
    },
    {
        "text": "=:",
        "conf": 0.04,
        "bbox": {
            "left": 558,
            "top": 659,
            "width": 3,
            "height": 20
        }
    },
    {
        "text": "29-Jun-2025 06:37",
        "conf": 0.92,
        "bbox": {
            "left": 582,
            "top": 651,
            "width": 312,
            "height": 29
        }
    },
    {
        "text": "Report Date and Time",
        "conf": 0.69,
        "bbox": {
            "left": 972,
            "top": 651,
            "width": 383,
            "height": 37
        }
    },
    {
        "text": ":",
        "conf": 0.31,
        "bbox": {
            "left": 1391,
            "top": 659,
            "width": 4,
            "height": 20
        }
    },
    {
        "text": "Ref Id1",
        "conf": 0.87,
        "bbox": {
            "left": 1768,
            "top": 651,
            "width": 116,
            "height": 29
        }
    },
    {
        "text": "Sample Received at.",
        "conf": 0.33,
        "bbox": {
            "left": 162,
            "top": 712,
            "width": 399,
            "height": 37
        }
    },
    {
        "text": "KA-Bannergatta Road",
        "conf": 0.91,
        "bbox": {
            "left": 584,
            "top": 712,
            "width": 361,
            "height": 36
        }
    },
    {
        "text": "Ref Id2",
        "conf": 0.42,
        "bbox": {
            "left": 1768,
            "top": 712,
            "width": 121,
            "height": 29
        }
    },
    {
        "text": ":",
        "conf": 0.67,
        "bbox": {
            "left": 1925,
            "top": 720,
            "width": 4,
            "height": 20
        }
    },
    {
        "text": "Sample Collected at",
        "conf": 0.95,
        "bbox": {
            "left": 162,
            "top": 773,
            "width": 353,
            "height": 37
        }
    },
    {
        "text": "Abnormal",
        "conf": 0.96,
        "bbox": {
            "left": 823,
            "top": 926,
            "width": 265,
            "height": 45
        }
    },
    {
        "text": "Result(s)",
        "conf": 0.95,
        "bbox": {
            "left": 1113,
            "top": 926,
            "width": 242,
            "height": 55
        }
    },
    {
        "text": "Summary",
        "conf": 0.94,
        "bbox": {
            "left": 1376,
            "top": 926,
            "width": 262,
            "height": 56
        }
    },
    {
        "text": "Test Name",
        "conf": 0.96,
        "bbox": {
            "left": 127,
            "top": 1005,
            "width": 209,
            "height": 32
        }
    },
    {
        "text": "Result Value",
        "conf": 0.96,
        "bbox": {
            "left": 840,
            "top": 1005,
            "width": 246,
            "height": 32
        }
    },
    {
        "text": "Unit",
        "conf": 0.96,
        "bbox": {
            "left": 1474,
            "top": 1001,
            "width": 77,
            "height": 49
        }
    },
    {
        "text": "Reference Range",
        "conf": 0.95,
        "bbox": {
            "left": 1701,
            "top": 1005,
            "width": 336,
            "height": 32
        }
    },
    {
        "text": "Calcium",
        "conf": 0.96,
        "bbox": {
            "left": 128,
            "top": 1068,
            "width": 158,
            "height": 32
        }
    },
    {
        "text": "Adjusted Calcium",
        "conf": 0.95,
        "bbox": {
            "left": 127,
            "top": 1131,
            "width": 321,
            "height": 40
        }
    },
    {
        "text": "8.1",
        "conf": 0.96,
        "bbox": {
            "left": 838,
            "top": 1132,
            "width": 51,
            "height": 31
        }
    },
    {
        "text": "mg/dL",
        "conf": 0.81,
        "bbox": {
            "left": 1474,
            "top": 1131,
            "width": 112,
            "height": 40
        }
    },
    {
        "text": "8.8",
        "conf": 0.9,
        "bbox": {
            "left": 1700,
            "top": 1132,
            "width": 55,
            "height": 31
        }
    },
    {
        "text": "-",
        "conf": 0.9,
        "bbox": {
            "left": 1770,
            "top": 1149,
            "width": 10,
            "height": 3
        }
    },
    {
        "text": "10.4",
        "conf": 0.96,
        "bbox": {
            "left": 1798,
            "top": 1132,
            "width": 75,
            "height": 31
        }
    },
    {
        "text": "Kidney Function Test",
        "conf": 0.95,
        "bbox": {
            "left": 129,
            "top": 1203,
            "width": 419,
            "height": 40
        }
    },
    {
        "text": "Chloride",
        "conf": 0.96,
        "bbox": {
            "left": 128,
            "top": 1262,
            "width": 152,
            "height": 49
        }
    },
    {
        "text": "109",
        "conf": 0.96,
        "bbox": {
            "left": 840,
            "top": 1267,
            "width": 66,
            "height": 31
        }
    },
    {
        "text": "mEq/L",
        "conf": 0.82,
        "bbox": {
            "left": 1474,
            "top": 1266,
            "width": 116,
            "height": 40
        }
    },
    {
        "text": "98",
        "conf": 0.92,
        "bbox": {
            "left": 1700,
            "top": 1267,
            "width": 43,
            "height": 31
        }
    },
    {
        "text": "-",
        "conf": 0.92,
        "bbox": {
            "left": 1758,
            "top": 1284,
            "width": 11,
            "height": 3
        }
    },
    {
        "text": "107",
        "conf": 0.96,
        "bbox": {
            "left": 1786,
            "top": 1267,
            "width": 64,
            "height": 31
        }
    },
    {
        "text": "Lipid Profile",
        "conf": 0.96,
        "bbox": {
            "left": 129,
            "top": 1339,
            "width": 237,
            "height": 40
        }
    },
    {
        "text": "LDL Cholesterol (Direct)",
        "conf": 0.95,
        "bbox": {
            "left": 129,
            "top": 1402,
            "width": 440,
            "height": 31
        }
    },
    {
        "text": "32",
        "conf": 0.96,
        "bbox": {
            "left": 839,
            "top": 1403,
            "width": 44,
            "height": 31
        }
    },
    {
        "text": "mg/dL",
        "conf": 0.81,
        "bbox": {
            "left": 1474,
            "top": 1402,
            "width": 112,
            "height": 40
        }
    },
    {
        "text": "<100",
        "conf": 0.92,
        "bbox": {
            "left": 1700,
            "top": 1403,
            "width": 90,
            "height": 31
        }
    },
    {
        "text": "-",
        "conf": 0.9,
        "bbox": {
            "left": 1817,
            "top": 1420,
            "width": 11,
            "height": 3
        }
    },
    {
        "text": "Optimal",
        "conf": 0.96,
        "bbox": {
            "left": 1854,
            "top": 1402,
            "width": 139,
            "height": 40
        }
    },
    {
        "text": "100-129",
        "conf": 0.93,
        "bbox": {
            "left": 1703,
            "top": 1449,
            "width": 146,
            "height": 31
        }
    },
    {
        "text": "-",
        "conf": 0.93,
        "bbox": {
            "left": 1865,
            "top": 1466,
            "width": 10,
            "height": 3
        }
    },
    {
        "text": "near",
        "conf": 0.96,
        "bbox": {
            "left": 1891,
            "top": 1456,
            "width": 80,
            "height": 24
        }
    },
    {
        "text": "optimal",
        "conf": 0.96,
        "bbox": {
            "left": 1984,
            "top": 1448,
            "width": 131,
            "height": 40
        }
    },
    {
        "text": "130",
        "conf": 0.9,
        "bbox": {
            "left": 1703,
            "top": 1496,
            "width": 63,
            "height": 31
        }
    },
    {
        "text": "-",
        "conf": 0.9,
        "bbox": {
            "left": 1781,
            "top": 1513,
            "width": 11,
            "height": 3
        }
    },
    {
        "text": "159",
        "conf": 0.89,
        "bbox": {
            "left": 1809,
            "top": 1496,
            "width": 63,
            "height": 31
        }
    },
    {
        "text": "-",
        "conf": 0.89,
        "bbox": {
            "left": 1899,
            "top": 1513,
            "width": 11,
            "height": 3
        }
    },
    {
        "text": "Borderline high",
        "conf": 0.96,
        "bbox": {
            "left": 1926,
            "top": 1495,
            "width": 274,
            "height": 32
        }
    },
    {
        "text": "160 -189",
        "conf": 0.9,
        "bbox": {
            "left": 1703,
            "top": 1542,
            "width": 158,
            "height": 31
        }
    },
    {
        "text": "-",
        "conf": 0.9,
        "bbox": {
            "left": 1876,
            "top": 1559,
            "width": 11,
            "height": 3
        }
    },
    {
        "text": "High",
        "conf": 0.96,
        "bbox": {
            "left": 1903,
            "top": 1541,
            "width": 80,
            "height": 40
        }
    },
    {
        "text": "More than 190",
        "conf": 0.92,
        "bbox": {
            "left": 1701,
            "top": 1587,
            "width": 264,
            "height": 32
        }
    },
    {
        "text": "-",
        "conf": 0.92,
        "bbox": {
            "left": 1980,
            "top": 1605,
            "width": 11,
            "height": 3
        }
    },
    {
        "text": "Very high",
        "conf": 0.95,
        "bbox": {
            "left": 2006,
            "top": 1587,
            "width": 171,
            "height": 40
        }
    },
    {
        "text": "Active",
        "conf": 0.93,
        "bbox": {
            "left": 127,
            "top": 1666,
            "width": 117,
            "height": 32
        }
    },
    {
        "text": "-",
        "conf": 0.93,
        "bbox": {
            "left": 256,
            "top": 1683,
            "width": 12,
            "height": 5
        }
    },
    {
        "text": "B12",
        "conf": 0.94,
        "bbox": {
            "left": 282,
            "top": 1667,
            "width": 68,
            "height": 30
        }
    },
    {
        "text": ">",
        "conf": 0.95,
        "bbox": {
            "left": 839,
            "top": 1672,
            "width": 21,
            "height": 19
        }
    },
    {
        "text": "256.0",
        "conf": 0.96,
        "bbox": {
            "left": 875,
            "top": 1661,
            "width": 101,
            "height": 31
        }
    },
    {
        "text": "pmol/L",
        "conf": 0.96,
        "bbox": {
            "left": 1473,
            "top": 1660,
            "width": 122,
            "height": 40
        }
    },
    {
        "text": "25.1",
        "conf": 0.88,
        "bbox": {
            "left": 1700,
            "top": 1661,
            "width": 71,
            "height": 31
        }
    },
    {
        "text": "-",
        "conf": 0.88,
        "bbox": {
            "left": 1793,
            "top": 1678,
            "width": 10,
            "height": 3
        }
    },
    {
        "text": "165.0",
        "conf": 0.96,
        "bbox": {
            "left": 1821,
            "top": 1661,
            "width": 98,
            "height": 31
        }
    },
    {
        "text": "Abnormal Result(s) Summary End",
        "conf": 0.96,
        "bbox": {
            "left": 894,
            "top": 1742,
            "width": 672,
            "height": 32
        }
    },
    {
        "text": "Note:(LL-VeryLow,L-Low,H-High,HH-VeryHigh,A-Abnormal,HC- High Critical,LC-Low Critical,C-Critical)",
        "conf": 0.7,
        "bbox": {
            "left": 175,
            "top": 2845,
            "width": 1327,
            "height": 29
        }
    },
    {
        "text": "Page 1 of 13",
        "conf": 0.95,
        "bbox": {
            "left": 2065,
            "top": 2846,
            "width": 167,
            "height": 28
        }
    },
    {
        "text": "Printed On:",
        "conf": 0.81,
        "bbox": {
            "left": 1851,
            "top": 2992,
            "width": 155,
            "height": 23
        }
    },
    {
        "text": "29-Jun-2025 12:23",
        "conf": 0.72,
        "bbox": {
            "left": 2046,
            "top": 2992,
            "width": 243,
            "height": 23
        }
    },
    {
        "text": "Neuberg",
        "conf": 0.91,
        "bbox": {
            "left": 307,
            "top": 3265,
            "width": 176,
            "height": 35
        }
    },
    {
        "text": "Anand",
        "conf": 0.96,
        "bbox": {
            "left": 505,
            "top": 3265,
            "width": 130,
            "height": 29
        }
    },
    {
        "text": "Reference",
        "conf": 0.96,
        "bbox": {
            "left": 658,
            "top": 3265,
            "width": 210,
            "height": 29
        }
    },
    {
        "text": "Laboratory",
        "conf": 0.93,
        "bbox": {
            "left": 889,
            "top": 3265,
            "width": 231,
            "height": 34
        }
    },
    {
        "text": "-",
        "conf": 0.93,
        "bbox": {
            "left": 1140,
            "top": 3279,
            "width": 12,
            "height": 5
        }
    },
    {
        "text": "A",
        "conf": 0.95,
        "bbox": {
            "left": 1172,
            "top": 3267,
            "width": 26,
            "height": 27
        }
    },
    {
        "text": "Unit",
        "conf": 0.95,
        "bbox": {
            "left": 1219,
            "top": 3265,
            "width": 83,
            "height": 29
        }
    },
    {
        "text": "of",
        "conf": 0.93,
        "bbox": {
            "left": 1322,
            "top": 3265,
            "width": 40,
            "height": 29
        }
    },
    {
        "text": "Neuberg",
        "conf": 0.92,
        "bbox": {
            "left": 1382,
            "top": 3265,
            "width": 177,
            "height": 35
        }
    },
    {
        "text": "Diagnostics",
        "conf": 0.96,
        "bbox": {
            "left": 1581,
            "top": 3265,
            "width": 245,
            "height": 35
        }
    },
    {
        "text": "Private",
        "conf": 0.96,
        "bbox": {
            "left": 1848,
            "top": 3265,
            "width": 146,
            "height": 29
        }
    },
    {
        "text": "Limited",
        "conf": 0.96,
        "bbox": {
            "left": 2015,
            "top": 3265,
            "width": 156,
            "height": 29
        }
    },
    {
        "text": "Laboratory",
        "conf": 0.9,
        "bbox": {
            "left": 202,
            "top": 3325,
            "width": 189,
            "height": 30
        }
    },
    {
        "text": ":",
        "conf": 0.9,
        "bbox": {
            "left": 406,
            "top": 3331,
            "width": 5,
            "height": 18
        }
    },
    {
        "text": "#54, Anand Tower, Bowring Hospital Road,",
        "conf": 0.95,
        "bbox": {
            "left": 427,
            "top": 3325,
            "width": 734,
            "height": 27
        }
    },
    {
        "text": "Regd. Office",
        "conf": 0.92,
        "bbox": {
            "left": 1316,
            "top": 3324,
            "width": 213,
            "height": 31
        }
    },
    {
        "text": ":",
        "conf": 0.91,
        "bbox": {
            "left": 1544,
            "top": 3331,
            "width": 5,
            "height": 18
        }
    },
    {
        "text": "Plot No. 7, Industrial Estate. Rajiv Gandhi Salai,",
        "conf": 0.85,
        "bbox": {
            "left": 1566,
            "top": 3325,
            "width": 799,
            "height": 25
        }
    },
    {
        "text": "Shivajinagar, Bangalore-S60 OOT",
        "conf": 0.47,
        "bbox": {
            "left": 309,
            "top": 3365,
            "width": 552,
            "height": 30
        }
    },
    {
        "text": "1800 425 1974",
        "conf": 0.96,
        "bbox": {
            "left": 920,
            "top": 3365,
            "width": 241,
            "height": 25
        }
    },
    {
        "text": "Perungudi, Chennai",
        "conf": 0.87,
        "bbox": {
            "left": 1317,
            "top": 3365,
            "width": 330,
            "height": 30
        }
    },
    {
        "text": "-",
        "conf": 0.9,
        "bbox": {
            "left": 1664,
            "top": 3377,
            "width": 9,
            "height": 3
        }
    },
    {
        "text": "G00096, Tamil Nadu, India.",
        "conf": 0.52,
        "bbox": {
            "left": 1688,
            "top": 3365,
            "width": 461,
            "height": 26
        }
    },
    {
        "text": "enquiry",
        "conf": 0.81,
        "bbox": {
            "left": 671,
            "top": 3411,
            "width": 152,
            "height": 23
        }
    },
    {
        "text": "aneuberganand.com",
        "conf": 0.87,
        "bbox": {
            "left": 835,
            "top": 3405,
            "width": 326,
            "height": 30
        }
    },
    {
        "text": "www.neubergdiagnostics.com",
        "conf": 0.89,
        "bbox": {
            "left": 1349,
            "top": 3405,
            "width": 512,
            "height": 30
        }
    }
]