[
    {
        "text": "Neuberg \u00a9",
        "conf": 0.76,
        "bbox": {
            "left": 111,
            "top": 89,
            "width": 443,
            "height": 95
        }
    },
    {
        "text": "Anand",
        "conf": 0.96,
        "bbox": {
            "left": 595,
            "top": 93,
            "width": 264,
            "height": 71
        }
    },
    {
        "text": "REFERENCE",
        "conf": 0.91,
        "bbox": {
            "left": 218,
            "top": 208,
            "width": 235,
            "height": 22
        }
    },
    {
        "text": "LABORATORY",
        "conf": 0.94,
        "bbox": {
            "left": 486,
            "top": 208,
            "width": 269,
            "height": 22
        }
    },
    {
        "text": "MC-6072",
        "conf": 0.91,
        "bbox": {
            "left": 2010,
            "top": 300,
            "width": 133,
            "height": 26
        }
    },
    {
        "text": "LABORATORY REPORT",
        "conf": 0.93,
        "bbox": {
            "left": 830,
            "top": 379,
            "width": 476,
            "height": 32
        }
    },
    {
        "text": "-",
        "conf": 0.59,
        "bbox": {
            "left": 1332,
            "top": 397,
            "width": 11,
            "height": 3
        }
    },
    {
        "text": "FINAL",
        "conf": 0.92,
        "bbox": {
            "left": 1375,
            "top": 379,
            "width": 119,
            "height": 31
        }
    },
    {
        "text": "PLALARLL",
        "conf": 0.0,
        "bbox": {
            "left": 1878,
            "top": 355,
            "width": 298,
            "height": 83
        }
    },
    {
        "text": "Name",
        "conf": 0.49,
        "bbox": {
            "left": 163,
            "top": 462,
            "width": 99,
            "height": 29
        }
    },
    {
        "text": "_",
        "conf": 0.49,
        "bbox": {
            "left": 267,
            "top": 457,
            "width": 5,
            "height": 45
        }
    },
    {
        "text": ":",
        "conf": 0.82,
        "bbox": {
            "left": 298,
            "top": 470,
            "width": 4,
            "height": 20
        }
    },
    {
        "text": "Ms. RATHNA GABRIAL",
        "conf": 0.91,
        "bbox": {
            "left": 321,
            "top": 462,
            "width": 409,
            "height": 29
        }
    },
    {
        "text": "Gender",
        "conf": 0.36,
        "bbox": {
            "left": 1243,
            "top": 462,
            "width": 129,
            "height": 29
        }
    },
    {
        "text": ".",
        "conf": 0.36,
        "bbox": {
            "left": 1407,
            "top": 457,
            "width": 20,
            "height": 46
        }
    },
    {
        "text": "Female",
        "conf": 0.96,
        "bbox": {
            "left": 1452,
            "top": 462,
            "width": 121,
            "height": 29
        }
    },
    {
        "text": "LabID",
        "conf": 0.78,
        "bbox": {
            "left": 1834,
            "top": 462,
            "width": 110,
            "height": 29
        }
    },
    {
        "text": "~:",
        "conf": 0.0,
        "bbox": {
            "left": 1992,
            "top": 470,
            "width": 3,
            "height": 20
        }
    },
    {
        "text": "50635928369",
        "conf": 0.96,
        "bbox": {
            "left": 2016,
            "top": 463,
            "width": 227,
            "height": 28
        }
    },
    {
        "text": "Age\u2019",
        "conf": 0.24,
        "bbox": {
            "left": 162,
            "top": 523,
            "width": 68,
            "height": 37
        }
    },
    {
        "text": "=:",
        "conf": 0.66,
        "bbox": {
            "left": 274,
            "top": 519,
            "width": 23,
            "height": 45
        }
    },
    {
        "text": "79 Years",
        "conf": 0.95,
        "bbox": {
            "left": 320,
            "top": 524,
            "width": 152,
            "height": 28
        }
    },
    {
        "text": "Mob. No.",
        "conf": 0.93,
        "bbox": {
            "left": 1244,
            "top": 523,
            "width": 154,
            "height": 29
        }
    },
    {
        "text": ":",
        "conf": 0.88,
        "bbox": {
            "left": 1426,
            "top": 531,
            "width": 3,
            "height": 20
        }
    },
    {
        "text": "Pt. ID",
        "conf": 0.87,
        "bbox": {
            "left": 1833,
            "top": 523,
            "width": 92,
            "height": 29
        }
    },
    {
        "text": "B2B",
        "conf": 0.0,
        "bbox": {
            "left": 164,
            "top": 587,
            "width": 70,
            "height": 28
        }
    },
    {
        "text": " :",
        "conf": 0.0,
        "bbox": {
            "left": 298,
            "top": 595,
            "width": 4,
            "height": 20
        }
    },
    {
        "text": "EMAMI FRANK ROSS LIMITED",
        "conf": 0.92,
        "bbox": {
            "left": 322,
            "top": 587,
            "width": 530,
            "height": 28
        }
    },
    {
        "text": "Ref.By",
        "conf": 0.47,
        "bbox": {
            "left": 1244,
            "top": 587,
            "width": 126,
            "height": 37
        }
    },
    {
        "text": ".",
        "conf": 0.29,
        "bbox": {
            "left": 1426,
            "top": 597,
            "width": 3,
            "height": 22
        }
    },
    {
        "text": "Pt. Loc",
        "conf": 0.94,
        "bbox": {
            "left": 1833,
            "top": 587,
            "width": 122,
            "height": 29
        }
    },
    {
        "text": "Reg Date and Time",
        "conf": 0.31,
        "bbox": {
            "left": 164,
            "top": 655,
            "width": 333,
            "height": 36
        }
    },
    {
        "text": "-",
        "conf": 0.0,
        "bbox": {
            "left": 558,
            "top": 663,
            "width": 3,
            "height": 20
        }
    },
    {
        "text": "30-Jun-2025 16:13",
        "conf": 0.95,
        "bbox": {
            "left": 582,
            "top": 655,
            "width": 312,
            "height": 29
        }
    },
    {
        "text": "Report Date and Time",
        "conf": 0.73,
        "bbox": {
            "left": 972,
            "top": 655,
            "width": 383,
            "height": 36
        }
    },
    {
        "text": "<:",
        "conf": 0.0,
        "bbox": {
            "left": 1391,
            "top": 663,
            "width": 4,
            "height": 20
        }
    },
    {
        "text": "30-Jun-2025 18:18",
        "conf": 0.95,
        "bbox": {
            "left": 1416,
            "top": 655,
            "width": 312,
            "height": 29
        }
    },
    {
        "text": "Ref Id1",
        "conf": 0.72,
        "bbox": {
            "left": 1768,
            "top": 655,
            "width": 116,
            "height": 29
        }
    },
    {
        "text": "Sample Received at",
        "conf": 0.41,
        "bbox": {
            "left": 162,
            "top": 716,
            "width": 349,
            "height": 37
        }
    },
    {
        "text": ":",
        "conf": 0.5,
        "bbox": {
            "left": 558,
            "top": 724,
            "width": 3,
            "height": 20
        }
    },
    {
        "text": "KA-Shivajinagar",
        "conf": 0.91,
        "bbox": {
            "left": 584,
            "top": 716,
            "width": 265,
            "height": 36
        }
    },
    {
        "text": "Ref Id2",
        "conf": 0.77,
        "bbox": {
            "left": 1768,
            "top": 716,
            "width": 121,
            "height": 29
        }
    },
    {
        "text": "Sample Collected at",
        "conf": 0.96,
        "bbox": {
            "left": 162,
            "top": 776,
            "width": 353,
            "height": 37
        }
    },
    {
        "text": "TEST",
        "conf": 0.96,
        "bbox": {
            "left": 162,
            "top": 929,
            "width": 95,
            "height": 29
        }
    },
    {
        "text": "RESULTS",
        "conf": 0.96,
        "bbox": {
            "left": 862,
            "top": 929,
            "width": 168,
            "height": 29
        }
    },
    {
        "text": "UNIT",
        "conf": 0.95,
        "bbox": {
            "left": 1215,
            "top": 929,
            "width": 83,
            "height": 29
        }
    },
    {
        "text": "BIOLOGICAL REF RANGE",
        "conf": 0.93,
        "bbox": {
            "left": 1438,
            "top": 929,
            "width": 451,
            "height": 29
        }
    },
    {
        "text": "REMARKS",
        "conf": 0.93,
        "bbox": {
            "left": 1919,
            "top": 929,
            "width": 181,
            "height": 29
        }
    },
    {
        "text": "Active",
        "conf": 0.93,
        "bbox": {
            "left": 912,
            "top": 999,
            "width": 117,
            "height": 32
        }
    },
    {
        "text": "-",
        "conf": 0.92,
        "bbox": {
            "left": 1042,
            "top": 1016,
            "width": 12,
            "height": 6
        }
    },
    {
        "text": "B12 ( Holotrascobalamine)",
        "conf": 0.81,
        "bbox": {
            "left": 1068,
            "top": 1000,
            "width": 500,
            "height": 30
        }
    },
    {
        "text": "Active",
        "conf": 0.92,
        "bbox": {
            "left": 162,
            "top": 1100,
            "width": 117,
            "height": 32
        }
    },
    {
        "text": "-",
        "conf": 0.91,
        "bbox": {
            "left": 292,
            "top": 1117,
            "width": 12,
            "height": 6
        }
    },
    {
        "text": "B12",
        "conf": 0.95,
        "bbox": {
            "left": 318,
            "top": 1101,
            "width": 68,
            "height": 30
        }
    },
    {
        "text": "H",
        "conf": 0.92,
        "bbox": {
            "left": 760,
            "top": 1094,
            "width": 22,
            "height": 28
        }
    },
    {
        "text": ">",
        "conf": 0.96,
        "bbox": {
            "left": 858,
            "top": 1105,
            "width": 19,
            "height": 17
        }
    },
    {
        "text": "256.0",
        "conf": 0.95,
        "bbox": {
            "left": 890,
            "top": 1095,
            "width": 91,
            "height": 28
        }
    },
    {
        "text": "pmol/L",
        "conf": 0.96,
        "bbox": {
            "left": 1227,
            "top": 1094,
            "width": 110,
            "height": 36
        }
    },
    {
        "text": "25.1",
        "conf": 0.92,
        "bbox": {
            "left": 1452,
            "top": 1095,
            "width": 64,
            "height": 28
        }
    },
    {
        "text": "-",
        "conf": 0.87,
        "bbox": {
            "left": 1535,
            "top": 1110,
            "width": 9,
            "height": 3
        }
    },
    {
        "text": "165.0",
        "conf": 0.95,
        "bbox": {
            "left": 1560,
            "top": 1095,
            "width": 89,
            "height": 28
        }
    },
    {
        "text": "CMIA",
        "conf": 0.89,
        "bbox": {
            "left": 165,
            "top": 1167,
            "width": 70,
            "height": 23
        }
    },
    {
        "text": "Serum",
        "conf": 0.95,
        "bbox": {
            "left": 163,
            "top": 1221,
            "width": 83,
            "height": 23
        }
    },
    {
        "text": "Coll. Time:30-Jun-2025 16:14",
        "conf": 0.9,
        "bbox": {
            "left": 566,
            "top": 1221,
            "width": 381,
            "height": 23
        }
    },
    {
        "text": "Note:",
        "conf": 0.96,
        "bbox": {
            "left": 163,
            "top": 1308,
            "width": 66,
            "height": 21
        }
    },
    {
        "text": "Active B12 test",
        "conf": 0.95,
        "bbox": {
            "left": 162,
            "top": 1350,
            "width": 187,
            "height": 21
        }
    },
    {
        "text": "measures",
        "conf": 0.96,
        "bbox": {
            "left": 359,
            "top": 1355,
            "width": 120,
            "height": 16
        }
    },
    {
        "text": "the amount of B12 bound to Holo Transcobalamin whereas the",
        "conf": 0.92,
        "bbox": {
            "left": 488,
            "top": 1349,
            "width": 797,
            "height": 22
        }
    },
    {
        "text": "serum",
        "conf": 0.95,
        "bbox": {
            "left": 1295,
            "top": 1355,
            "width": 77,
            "height": 16
        }
    },
    {
        "text": "Vit B12",
        "conf": 0.95,
        "bbox": {
            "left": 1381,
            "top": 1350,
            "width": 89,
            "height": 21
        }
    },
    {
        "text": "measure",
        "conf": 0.96,
        "bbox": {
            "left": 1481,
            "top": 1355,
            "width": 107,
            "height": 16
        }
    },
    {
        "text": "both Transcobalamin (TC) and Haptocorrin (HC) fractions",
        "conf": 0.91,
        "bbox": {
            "left": 1598,
            "top": 1349,
            "width": 717,
            "height": 22
        }
    },
    {
        "text": "as",
        "conf": 0.95,
        "bbox": {
            "left": 162,
            "top": 1393,
            "width": 25,
            "height": 16
        }
    },
    {
        "text": "total Vit B12. It is",
        "conf": 0.95,
        "bbox": {
            "left": 196,
            "top": 1387,
            "width": 215,
            "height": 22
        }
    },
    {
        "text": "more",
        "conf": 0.96,
        "bbox": {
            "left": 421,
            "top": 1393,
            "width": 65,
            "height": 16
        }
    },
    {
        "text": "sensitive. If the",
        "conf": 0.96,
        "bbox": {
            "left": 495,
            "top": 1388,
            "width": 190,
            "height": 21
        }
    },
    {
        "text": "serum",
        "conf": 0.96,
        "bbox": {
            "left": 694,
            "top": 1393,
            "width": 77,
            "height": 16
        }
    },
    {
        "text": "vitamin B12 level is < 300 pg/mL, the levels of Active Vit B12 alone",
        "conf": 0.91,
        "bbox": {
            "left": 781,
            "top": 1388,
            "width": 845,
            "height": 21
        }
    },
    {
        "text": "or",
        "conf": 0.96,
        "bbox": {
            "left": 1635,
            "top": 1393,
            "width": 26,
            "height": 16
        }
    },
    {
        "text": "in combination with",
        "conf": 0.95,
        "bbox": {
            "left": 1670,
            "top": 1388,
            "width": 250,
            "height": 20
        }
    },
    {
        "text": "serum",
        "conf": 0.96,
        "bbox": {
            "left": 1930,
            "top": 1393,
            "width": 77,
            "height": 16
        }
    },
    {
        "text": "total Vit B12 levels",
        "conf": 0.96,
        "bbox": {
            "left": 2016,
            "top": 1387,
            "width": 236,
            "height": 22
        }
    },
    {
        "text": "is/are useful in unmasking the deficiency state. Holo TC level of",
        "conf": 0.84,
        "bbox": {
            "left": 170,
            "top": 1438,
            "width": 805,
            "height": 26
        }
    },
    {
        "text": "< 32",
        "conf": 0.92,
        "bbox": {
            "left": 983,
            "top": 1444,
            "width": 51,
            "height": 14
        }
    },
    {
        "text": "pmol/L indicates Vit B12 deficiency.",
        "conf": 0.95,
        "bbox": {
            "left": 1045,
            "top": 1438,
            "width": 448,
            "height": 28
        }
    },
    {
        "text": "Measurement of Active Vit B12 is found to be",
        "conf": 0.96,
        "bbox": {
            "left": 163,
            "top": 1495,
            "width": 574,
            "height": 21
        }
    },
    {
        "text": "more",
        "conf": 0.96,
        "bbox": {
            "left": 747,
            "top": 1500,
            "width": 65,
            "height": 16
        }
    },
    {
        "text": "sensitive in detecting Vit B12 deficiency.",
        "conf": 0.95,
        "bbox": {
            "left": 821,
            "top": 1495,
            "width": 506,
            "height": 21
        }
    },
    {
        "text": "Holo Transcobalamin level of",
        "conf": 0.91,
        "bbox": {
            "left": 163,
            "top": 1536,
            "width": 365,
            "height": 22
        }
    },
    {
        "text": "< 32",
        "conf": 0.92,
        "bbox": {
            "left": 536,
            "top": 1541,
            "width": 51,
            "height": 14
        }
    },
    {
        "text": "pmol/L has been suggested",
        "conf": 0.95,
        "bbox": {
            "left": 598,
            "top": 1535,
            "width": 343,
            "height": 28
        }
    },
    {
        "text": "as cut",
        "conf": 0.96,
        "bbox": {
            "left": 951,
            "top": 1542,
            "width": 72,
            "height": 16
        }
    },
    {
        "text": "off to identify the Vit B12 deficiency. Active Vitamin B12 levels will remain unchanged in",
        "conf": 0.95,
        "bbox": {
            "left": 1032,
            "top": 1535,
            "width": 1113,
            "height": 23
        }
    },
    {
        "text": "pregnancy.",
        "conf": 0.96,
        "bbox": {
            "left": 2155,
            "top": 1542,
            "width": 137,
            "height": 21
        }
    },
    {
        "text": "High titres of Intrinsic factor blocking auto antibodies (IF Ab)",
        "conf": 0.95,
        "bbox": {
            "left": 163,
            "top": 1588,
            "width": 759,
            "height": 27
        }
    },
    {
        "text": "can",
        "conf": 0.95,
        "bbox": {
            "left": 931,
            "top": 1594,
            "width": 42,
            "height": 16
        }
    },
    {
        "text": "lead to spuriously normal",
        "conf": 0.92,
        "bbox": {
            "left": 984,
            "top": 1588,
            "width": 318,
            "height": 22
        }
    },
    {
        "text": "or",
        "conf": 0.96,
        "bbox": {
            "left": 1312,
            "top": 1594,
            "width": 26,
            "height": 16
        }
    },
    {
        "text": "high Vitamin B12 values.",
        "conf": 0.96,
        "bbox": {
            "left": 1347,
            "top": 1588,
            "width": 309,
            "height": 27
        }
    },
    {
        "text": "Ref: Tietz Textbook of Clinical Chemistry and Molecular Diagnostics;6th Edition; P: 669-674.",
        "conf": 0.91,
        "bbox": {
            "left": 163,
            "top": 1629,
            "width": 1152,
            "height": 23
        }
    },
    {
        "text": "Approved By:",
        "conf": 0.83,
        "bbox": {
            "left": 163,
            "top": 1748,
            "width": 197,
            "height": 32
        }
    },
    {
        "text": "Dr.Bhuvaneshwari N B",
        "conf": 0.83,
        "bbox": {
            "left": 402,
            "top": 1748,
            "width": 333,
            "height": 26
        }
    },
    {
        "text": "Released by: Neuberg Anand Reference Laboratory",
        "conf": 0.91,
        "bbox": {
            "left": 165,
            "top": 1782,
            "width": 764,
            "height": 26
        }
    },
    {
        "text": "# For test performed",
        "conf": 0.93,
        "bbox": {
            "left": 160,
            "top": 1935,
            "width": 261,
            "height": 20
        }
    },
    {
        "text": "on",
        "conf": 0.96,
        "bbox": {
            "left": 430,
            "top": 1940,
            "width": 31,
            "height": 16
        }
    },
    {
        "text": "specimens received",
        "conf": 0.96,
        "bbox": {
            "left": 471,
            "top": 1935,
            "width": 245,
            "height": 26
        }
    },
    {
        "text": "or",
        "conf": 0.96,
        "bbox": {
            "left": 726,
            "top": 1940,
            "width": 26,
            "height": 16
        }
    },
    {
        "text": "collected from non-NARL locations, it is presumed that the specimen belongs to the patient named",
        "conf": 0.92,
        "bbox": {
            "left": 760,
            "top": 1934,
            "width": 1250,
            "height": 22
        }
    },
    {
        "text": "or",
        "conf": 0.96,
        "bbox": {
            "left": 2019,
            "top": 1940,
            "width": 26,
            "height": 16
        }
    },
    {
        "text": "identified",
        "conf": 0.96,
        "bbox": {
            "left": 2055,
            "top": 1933,
            "width": 118,
            "height": 23
        }
    },
    {
        "text": "as",
        "conf": 0.96,
        "bbox": {
            "left": 2183,
            "top": 1940,
            "width": 25,
            "height": 16
        }
    },
    {
        "text": "labeled",
        "conf": 0.96,
        "bbox": {
            "left": 2217,
            "top": 1934,
            "width": 90,
            "height": 22
        }
    },
    {
        "text": "on",
        "conf": 0.95,
        "bbox": {
            "left": 160,
            "top": 1978,
            "width": 30,
            "height": 16
        }
    },
    {
        "text": "the container/test request and such verification has been carried out at the point generation of the said specimen by the sender. NARL will be responsible Only for the",
        "conf": 0.91,
        "bbox": {
            "left": 200,
            "top": 1972,
            "width": 2105,
            "height": 22
        }
    },
    {
        "text": "analytical part of test carried out. All other responsibility will be of referring Laboratory.",
        "conf": 0.96,
        "bbox": {
            "left": 161,
            "top": 2010,
            "width": 1106,
            "height": 27
        }
    },
    {
        "text": "Note:(LL-VeryLow,L-Low,H-High,HH-VeryHigh,A-Abnormal,HC- High Critical,LC-Low Critical,C-Critical)",
        "conf": 0.71,
        "bbox": {
            "left": 175,
            "top": 2845,
            "width": 1327,
            "height": 29
        }
    },
    {
        "text": "Page 1 of 1",
        "conf": 0.9,
        "bbox": {
            "left": 2065,
            "top": 2845,
            "width": 148,
            "height": 29
        }
    },
    {
        "text": "Dr.Bhuvaneshwari N B",
        "conf": 0.9,
        "bbox": {
            "left": 232,
            "top": 3008,
            "width": 399,
            "height": 29
        }
    },
    {
        "text": "Consultant Biochemist",
        "conf": 0.9,
        "bbox": {
            "left": 231,
            "top": 3063,
            "width": 282,
            "height": 22
        }
    },
    {
        "text": "Kmc No.: 101322",
        "conf": 0.75,
        "bbox": {
            "left": 232,
            "top": 3102,
            "width": 212,
            "height": 21
        }
    },
    {
        "text": "wt",
        "conf": 0.87,
        "bbox": {
            "left": 353,
            "top": 2908,
            "width": 32,
            "height": 22
        }
    },
    {
        "text": "Printed On:",
        "conf": 0.87,
        "bbox": {
            "left": 1851,
            "top": 3156,
            "width": 155,
            "height": 23
        }
    },
    {
        "text": "30-Jun-2025 19:57",
        "conf": 0.67,
        "bbox": {
            "left": 2046,
            "top": 3156,
            "width": 243,
            "height": 23
        }
    },
    {
        "text": "Neuberg",
        "conf": 0.91,
        "bbox": {
            "left": 307,
            "top": 3265,
            "width": 177,
            "height": 35
        }
    },
    {
        "text": "Anand",
        "conf": 0.96,
        "bbox": {
            "left": 505,
            "top": 3265,
            "width": 130,
            "height": 29
        }
    },
    {
        "text": "Reference",
        "conf": 0.95,
        "bbox": {
            "left": 657,
            "top": 3265,
            "width": 211,
            "height": 29
        }
    },
    {
        "text": "Laboratory",
        "conf": 0.93,
        "bbox": {
            "left": 889,
            "top": 3265,
            "width": 231,
            "height": 34
        }
    },
    {
        "text": "-",
        "conf": 0.92,
        "bbox": {
            "left": 1140,
            "top": 3279,
            "width": 12,
            "height": 6
        }
    },
    {
        "text": "A",
        "conf": 0.95,
        "bbox": {
            "left": 1172,
            "top": 3267,
            "width": 26,
            "height": 27
        }
    },
    {
        "text": "Unit",
        "conf": 0.95,
        "bbox": {
            "left": 1219,
            "top": 3265,
            "width": 83,
            "height": 29
        }
    },
    {
        "text": "of",
        "conf": 0.93,
        "bbox": {
            "left": 1322,
            "top": 3265,
            "width": 40,
            "height": 29
        }
    },
    {
        "text": "Neuberg",
        "conf": 0.91,
        "bbox": {
            "left": 1382,
            "top": 3265,
            "width": 177,
            "height": 35
        }
    },
    {
        "text": "Diagnostics",
        "conf": 0.96,
        "bbox": {
            "left": 1581,
            "top": 3265,
            "width": 246,
            "height": 35
        }
    },
    {
        "text": "Private",
        "conf": 0.96,
        "bbox": {
            "left": 1847,
            "top": 3265,
            "width": 147,
            "height": 29
        }
    },
    {
        "text": "Limited",
        "conf": 0.95,
        "bbox": {
            "left": 2015,
            "top": 3265,
            "width": 156,
            "height": 29
        }
    },
    {
        "text": "Laboratory",
        "conf": 0.92,
        "bbox": {
            "left": 202,
            "top": 3324,
            "width": 189,
            "height": 31
        }
    },
    {
        "text": ":",
        "conf": 0.79,
        "bbox": {
            "left": 406,
            "top": 3331,
            "width": 6,
            "height": 19
        }
    },
    {
        "text": "#54, Anand Tower, Bowring Hospital! Road,",
        "conf": 0.36,
        "bbox": {
            "left": 427,
            "top": 3325,
            "width": 734,
            "height": 27
        }
    },
    {
        "text": "Regd. Office",
        "conf": 0.93,
        "bbox": {
            "left": 1316,
            "top": 3324,
            "width": 213,
            "height": 31
        }
    },
    {
        "text": ":",
        "conf": 0.91,
        "bbox": {
            "left": 1544,
            "top": 3331,
            "width": 5,
            "height": 18
        }
    },
    {
        "text": "Plot No. 7, Industrial Estate, Rajiv Gandhi Salai,",
        "conf": 0.92,
        "bbox": {
            "left": 1566,
            "top": 3325,
            "width": 799,
            "height": 25
        }
    },
    {
        "text": "Shivajinagar, Bangalore-S60 001",
        "conf": 0.56,
        "bbox": {
            "left": 308,
            "top": 3365,
            "width": 553,
            "height": 30
        }
    },
    {
        "text": "=",
        "conf": 0.56,
        "bbox": {
            "left": 893,
            "top": 3361,
            "width": 7,
            "height": 38
        }
    },
    {
        "text": "1800 425 1974",
        "conf": 0.58,
        "bbox": {
            "left": 920,
            "top": 3365,
            "width": 241,
            "height": 25
        }
    },
    {
        "text": "Perungudi, Chennai",
        "conf": 0.9,
        "bbox": {
            "left": 1317,
            "top": 3365,
            "width": 330,
            "height": 30
        }
    },
    {
        "text": "-",
        "conf": 0.91,
        "bbox": {
            "left": 1663,
            "top": 3377,
            "width": 10,
            "height": 3
        }
    },
    {
        "text": "600096, Tami! Nadu, India.",
        "conf": 0.87,
        "bbox": {
            "left": 1688,
            "top": 3364,
            "width": 462,
            "height": 27
        }
    },
    {
        "text": "enquiry",
        "conf": 0.91,
        "bbox": {
            "left": 671,
            "top": 3405,
            "width": 125,
            "height": 30
        }
    },
    {
        "text": "aneuberganand.com",
        "conf": 0.91,
        "bbox": {
            "left": 835,
            "top": 3405,
            "width": 326,
            "height": 30
        }
    },
    {
        "text": "www.neubergdiagnostics.com",
        "conf": 0.89,
        "bbox": {
            "left": 1348,
            "top": 3405,
            "width": 513,
            "height": 30
        }
    }
]