[
    {
        "text": "Neuberg@",
        "conf": 0.79,
        "bbox": {
            "left": 111,
            "top": 89,
            "width": 464,
            "height": 95
        }
    },
    {
        "text": "Anand",
        "conf": 0.92,
        "bbox": {
            "left": 596,
            "top": 93,
            "width": 263,
            "height": 71
        }
    },
    {
        "text": "REFERENCE",
        "conf": 0.94,
        "bbox": {
            "left": 219,
            "top": 208,
            "width": 234,
            "height": 21
        }
    },
    {
        "text": "LABORATORY",
        "conf": 0.95,
        "bbox": {
            "left": 487,
            "top": 208,
            "width": 268,
            "height": 21
        }
    },
    {
        "text": "\u2018",
        "conf": 0.44,
        "bbox": {
            "left": 1336,
            "top": 315,
            "width": 3,
            "height": 2
        }
    },
    {
        "text": "\u2018",
        "conf": 0.38,
        "bbox": {
            "left": 1405,
            "top": 323,
            "width": 3,
            "height": 3
        }
    },
    {
        "text": "MC-6072",
        "conf": 0.89,
        "bbox": {
            "left": 2010,
            "top": 300,
            "width": 133,
            "height": 26
        }
    },
    {
        "text": "LABORATORY REPORT",
        "conf": 0.92,
        "bbox": {
            "left": 830,
            "top": 379,
            "width": 476,
            "height": 32
        }
    },
    {
        "text": "-",
        "conf": 0.73,
        "bbox": {
            "left": 1332,
            "top": 397,
            "width": 11,
            "height": 3
        }
    },
    {
        "text": "FINAL",
        "conf": 0.96,
        "bbox": {
            "left": 1375,
            "top": 379,
            "width": 118,
            "height": 31
        }
    },
    {
        "text": "ICAL ACTA",
        "conf": 0.33,
        "bbox": {
            "left": 1878,
            "top": 355,
            "width": 295,
            "height": 83
        }
    },
    {
        "text": "Name_",
        "conf": 0.76,
        "bbox": {
            "left": 163,
            "top": 462,
            "width": 99,
            "height": 29
        }
    },
    {
        "text": ":",
        "conf": 0.76,
        "bbox": {
            "left": 298,
            "top": 470,
            "width": 4,
            "height": 20
        }
    },
    {
        "text": "Mrs RATHNA GABRIAL",
        "conf": 0.9,
        "bbox": {
            "left": 321,
            "top": 462,
            "width": 413,
            "height": 29
        }
    },
    {
        "text": "Gender",
        "conf": 0.16,
        "bbox": {
            "left": 1243,
            "top": 462,
            "width": 129,
            "height": 29
        }
    },
    {
        "text": ".:",
        "conf": 0.1,
        "bbox": {
            "left": 1426,
            "top": 470,
            "width": 3,
            "height": 20
        }
    },
    {
        "text": "Female",
        "conf": 0.95,
        "bbox": {
            "left": 1452,
            "top": 462,
            "width": 121,
            "height": 29
        }
    },
    {
        "text": "LabID_",
        "conf": 0.34,
        "bbox": {
            "left": 1834,
            "top": 462,
            "width": 110,
            "height": 29
        }
    },
    {
        "text": ".:",
        "conf": 0.0,
        "bbox": {
            "left": 1992,
            "top": 470,
            "width": 3,
            "height": 20
        }
    },
    {
        "text": "50636000175",
        "conf": 0.96,
        "bbox": {
            "left": 2016,
            "top": 463,
            "width": 227,
            "height": 28
        }
    },
    {
        "text": "Age\u2019:",
        "conf": 0.49,
        "bbox": {
            "left": 162,
            "top": 523,
            "width": 68,
            "height": 36
        }
    },
    {
        "text": "79 Years",
        "conf": 0.94,
        "bbox": {
            "left": 320,
            "top": 524,
            "width": 152,
            "height": 28
        }
    },
    {
        "text": "Mob. No.",
        "conf": 0.92,
        "bbox": {
            "left": 1244,
            "top": 523,
            "width": 154,
            "height": 29
        }
    },
    {
        "text": ":",
        "conf": 0.92,
        "bbox": {
            "left": 1426,
            "top": 531,
            "width": 3,
            "height": 20
        }
    },
    {
        "text": "Pt. ID",
        "conf": 0.85,
        "bbox": {
            "left": 1833,
            "top": 523,
            "width": 92,
            "height": 29
        }
    },
    {
        "text": "B2B",
        "conf": 0.8,
        "bbox": {
            "left": 164,
            "top": 587,
            "width": 70,
            "height": 28
        }
    },
    {
        "text": "=:",
        "conf": 0.46,
        "bbox": {
            "left": 298,
            "top": 595,
            "width": 4,
            "height": 20
        }
    },
    {
        "text": "EMAMI FRANK ROSS LIMITED",
        "conf": 0.91,
        "bbox": {
            "left": 322,
            "top": 587,
            "width": 530,
            "height": 28
        }
    },
    {
        "text": "Ref.By",
        "conf": 0.65,
        "bbox": {
            "left": 1244,
            "top": 587,
            "width": 126,
            "height": 36
        }
    },
    {
        "text": ".",
        "conf": 0.28,
        "bbox": {
            "left": 1426,
            "top": 597,
            "width": 3,
            "height": 22
        }
    },
    {
        "text": "Pt. Loc",
        "conf": 0.96,
        "bbox": {
            "left": 1833,
            "top": 587,
            "width": 122,
            "height": 29
        }
    },
    {
        "text": "Reg Date and Time",
        "conf": 0.0,
        "bbox": {
            "left": 164,
            "top": 655,
            "width": 333,
            "height": 36
        }
    },
    {
        "text": "=.",
        "conf": 0.42,
        "bbox": {
            "left": 558,
            "top": 663,
            "width": 3,
            "height": 20
        }
    },
    {
        "text": "03-Jun-2025 08:37",
        "conf": 0.94,
        "bbox": {
            "left": 582,
            "top": 655,
            "width": 312,
            "height": 29
        }
    },
    {
        "text": "Report Date and Time:",
        "conf": 0.23,
        "bbox": {
            "left": 972,
            "top": 655,
            "width": 423,
            "height": 36
        }
    },
    {
        "text": "03-Jun-2025 11:41",
        "conf": 0.91,
        "bbox": {
            "left": 1416,
            "top": 655,
            "width": 305,
            "height": 29
        }
    },
    {
        "text": "Ref Id1",
        "conf": 0.71,
        "bbox": {
            "left": 1768,
            "top": 655,
            "width": 116,
            "height": 29
        }
    },
    {
        "text": "Sample Received at",
        "conf": 0.45,
        "bbox": {
            "left": 162,
            "top": 716,
            "width": 349,
            "height": 37
        }
    },
    {
        "text": ":",
        "conf": 0.45,
        "bbox": {
            "left": 558,
            "top": 724,
            "width": 3,
            "height": 20
        }
    },
    {
        "text": "KA-Kasturinagar",
        "conf": 0.92,
        "bbox": {
            "left": 584,
            "top": 716,
            "width": 271,
            "height": 36
        }
    },
    {
        "text": "Ref Id2",
        "conf": 0.78,
        "bbox": {
            "left": 1768,
            "top": 716,
            "width": 121,
            "height": 29
        }
    },
    {
        "text": "Sample Collected at",
        "conf": 0.96,
        "bbox": {
            "left": 162,
            "top": 776,
            "width": 353,
            "height": 37
        }
    },
    {
        "text": "TEST",
        "conf": 0.95,
        "bbox": {
            "left": 162,
            "top": 929,
            "width": 95,
            "height": 29
        }
    },
    {
        "text": "RESULTS",
        "conf": 0.95,
        "bbox": {
            "left": 862,
            "top": 929,
            "width": 168,
            "height": 29
        }
    },
    {
        "text": "UNIT",
        "conf": 0.96,
        "bbox": {
            "left": 1215,
            "top": 929,
            "width": 83,
            "height": 29
        }
    },
    {
        "text": "BIOLOGICAL REF RANGE",
        "conf": 0.95,
        "bbox": {
            "left": 1438,
            "top": 929,
            "width": 451,
            "height": 29
        }
    },
    {
        "text": "REMARKS",
        "conf": 0.96,
        "bbox": {
            "left": 1919,
            "top": 929,
            "width": 181,
            "height": 29
        }
    },
    {
        "text": "Plasma Glucose",
        "conf": 0.93,
        "bbox": {
            "left": 165,
            "top": 1021,
            "width": 268,
            "height": 29
        }
    },
    {
        "text": "-",
        "conf": 0.92,
        "bbox": {
            "left": 447,
            "top": 1037,
            "width": 9,
            "height": 3
        }
    },
    {
        "text": "F",
        "conf": 0.93,
        "bbox": {
            "left": 471,
            "top": 1021,
            "width": 19,
            "height": 28
        }
    },
    {
        "text": "102",
        "conf": 0.96,
        "bbox": {
            "left": 860,
            "top": 1022,
            "width": 57,
            "height": 28
        }
    },
    {
        "text": "mg/dL",
        "conf": 0.92,
        "bbox": {
            "left": 1227,
            "top": 1021,
            "width": 101,
            "height": 36
        }
    },
    {
        "text": "</= 100 mg/dl: Normal",
        "conf": 0.93,
        "bbox": {
            "left": 1452,
            "top": 1022,
            "width": 367,
            "height": 28
        }
    },
    {
        "text": "HEXOKINASE/G-6-PDH",
        "conf": 0.92,
        "bbox": {
            "left": 164,
            "top": 1063,
            "width": 318,
            "height": 52
        }
    },
    {
        "text": "100",
        "conf": 0.92,
        "bbox": {
            "left": 1454,
            "top": 1064,
            "width": 57,
            "height": 28
        }
    },
    {
        "text": "-",
        "conf": 0.92,
        "bbox": {
            "left": 1525,
            "top": 1079,
            "width": 10,
            "height": 30
        }
    },
    {
        "text": "125 mg/dl:",
        "conf": 0.52,
        "bbox": {
            "left": 1550,
            "top": 1064,
            "width": 169,
            "height": 28
        }
    },
    {
        "text": "Prediabetes",
        "conf": 0.89,
        "bbox": {
            "left": 1454,
            "top": 1104,
            "width": 195,
            "height": 29
        }
    },
    {
        "text": ">/= 126 mg/dl: Diabetes.",
        "conf": 0.93,
        "bbox": {
            "left": 1452,
            "top": 1147,
            "width": 403,
            "height": 28
        }
    },
    {
        "text": "(By the ADA",
        "conf": 0.95,
        "bbox": {
            "left": 1453,
            "top": 1188,
            "width": 203,
            "height": 36
        }
    },
    {
        "text": "Recommendation",
        "conf": 0.93,
        "bbox": {
            "left": 1454,
            "top": 1229,
            "width": 288,
            "height": 29
        }
    },
    {
        "text": "-",
        "conf": 0.89,
        "bbox": {
            "left": 1756,
            "top": 1245,
            "width": 9,
            "height": 3
        }
    },
    {
        "text": "Jan",
        "conf": 0.96,
        "bbox": {
            "left": 1777,
            "top": 1229,
            "width": 58,
            "height": 29
        }
    },
    {
        "text": "2012)",
        "conf": 0.96,
        "bbox": {
            "left": 1452,
            "top": 1272,
            "width": 92,
            "height": 35
        }
    },
    {
        "text": "Plasma Fluoride F",
        "conf": 0.93,
        "bbox": {
            "left": 164,
            "top": 1333,
            "width": 233,
            "height": 23
        }
    },
    {
        "text": "Coll. Time:03-Jun-2025 08:45",
        "conf": 0.9,
        "bbox": {
            "left": 566,
            "top": 1332,
            "width": 381,
            "height": 23
        }
    },
    {
        "text": "Potassium",
        "conf": 0.96,
        "bbox": {
            "left": 165,
            "top": 1385,
            "width": 170,
            "height": 45
        }
    },
    {
        "text": "4.57",
        "conf": 0.96,
        "bbox": {
            "left": 857,
            "top": 1390,
            "width": 71,
            "height": 28
        }
    },
    {
        "text": "mEq/L",
        "conf": 0.92,
        "bbox": {
            "left": 1227,
            "top": 1389,
            "width": 106,
            "height": 36
        }
    },
    {
        "text": "3.5",
        "conf": 0.71,
        "bbox": {
            "left": 1452,
            "top": 1390,
            "width": 49,
            "height": 28
        }
    },
    {
        "text": "-",
        "conf": 0.71,
        "bbox": {
            "left": 1515,
            "top": 1405,
            "width": 9,
            "height": 3
        }
    },
    {
        "text": "5.1",
        "conf": 0.94,
        "bbox": {
            "left": 1537,
            "top": 1390,
            "width": 43,
            "height": 28
        }
    },
    {
        "text": "ISE, Indirect",
        "conf": 0.85,
        "bbox": {
            "left": 165,
            "top": 1449,
            "width": 158,
            "height": 25
        }
    },
    {
        "text": "Serum",
        "conf": 0.95,
        "bbox": {
            "left": 163,
            "top": 1503,
            "width": 83,
            "height": 23
        }
    },
    {
        "text": "Coll. Time:03-Jun-2025 08:45",
        "conf": 0.9,
        "bbox": {
            "left": 566,
            "top": 1502,
            "width": 381,
            "height": 23
        }
    },
    {
        "text": "Approved By:",
        "conf": 0.91,
        "bbox": {
            "left": 163,
            "top": 1648,
            "width": 197,
            "height": 32
        }
    },
    {
        "text": "DR Prajwal A",
        "conf": 0.9,
        "bbox": {
            "left": 402,
            "top": 1648,
            "width": 195,
            "height": 25
        }
    },
    {
        "text": "Released by: Neuberg Anand Reference Laboratory",
        "conf": 0.92,
        "bbox": {
            "left": 165,
            "top": 1682,
            "width": 764,
            "height": 26
        }
    },
    {
        "text": "Note:(LL-VeryLow,L-Low,H-High,HH-VeryHigh,A-Abnormal,HC- High Critical,LC-Low Critical,C-Critical)",
        "conf": 0.63,
        "bbox": {
            "left": 175,
            "top": 2845,
            "width": 1327,
            "height": 29
        }
    },
    {
        "text": "Page 1 of 3",
        "conf": 0.93,
        "bbox": {
            "left": 2065,
            "top": 2845,
            "width": 152,
            "height": 29
        }
    },
    {
        "text": "DR Prajwal A",
        "conf": 0.89,
        "bbox": {
            "left": 232,
            "top": 3008,
            "width": 230,
            "height": 28
        }
    },
    {
        "text": "HOD Biochemistry",
        "conf": 0.96,
        "bbox": {
            "left": 231,
            "top": 3062,
            "width": 247,
            "height": 24
        }
    },
    {
        "text": "DLH 2018 0000588 KTK",
        "conf": 0.92,
        "bbox": {
            "left": 231,
            "top": 3100,
            "width": 327,
            "height": 23
        }
    },
    {
        "text": "Printed On:",
        "conf": 0.86,
        "bbox": {
            "left": 1851,
            "top": 3155,
            "width": 155,
            "height": 23
        }
    },
    {
        "text": "03-Jun-2025 16:40",
        "conf": 0.86,
        "bbox": {
            "left": 2046,
            "top": 3155,
            "width": 243,
            "height": 23
        }
    },
    {
        "text": "Neuberg",
        "conf": 0.91,
        "bbox": {
            "left": 307,
            "top": 3265,
            "width": 177,
            "height": 35
        }
    },
    {
        "text": "Anand",
        "conf": 0.96,
        "bbox": {
            "left": 505,
            "top": 3265,
            "width": 130,
            "height": 29
        }
    },
    {
        "text": "Reference",
        "conf": 0.95,
        "bbox": {
            "left": 658,
            "top": 3265,
            "width": 210,
            "height": 29
        }
    },
    {
        "text": "Laboratory",
        "conf": 0.93,
        "bbox": {
            "left": 889,
            "top": 3265,
            "width": 231,
            "height": 34
        }
    },
    {
        "text": "-",
        "conf": 0.9,
        "bbox": {
            "left": 1140,
            "top": 3279,
            "width": 12,
            "height": 5
        }
    },
    {
        "text": "A",
        "conf": 0.96,
        "bbox": {
            "left": 1172,
            "top": 3267,
            "width": 26,
            "height": 27
        }
    },
    {
        "text": "Unit",
        "conf": 0.95,
        "bbox": {
            "left": 1219,
            "top": 3265,
            "width": 83,
            "height": 29
        }
    },
    {
        "text": "of",
        "conf": 0.93,
        "bbox": {
            "left": 1322,
            "top": 3265,
            "width": 40,
            "height": 29
        }
    },
    {
        "text": "Neuberg",
        "conf": 0.91,
        "bbox": {
            "left": 1382,
            "top": 3265,
            "width": 177,
            "height": 35
        }
    },
    {
        "text": "Diagnostics",
        "conf": 0.96,
        "bbox": {
            "left": 1581,
            "top": 3265,
            "width": 245,
            "height": 35
        }
    },
    {
        "text": "Private",
        "conf": 0.96,
        "bbox": {
            "left": 1848,
            "top": 3265,
            "width": 146,
            "height": 29
        }
    },
    {
        "text": "Limited",
        "conf": 0.96,
        "bbox": {
            "left": 2015,
            "top": 3265,
            "width": 156,
            "height": 29
        }
    },
    {
        "text": "Laboratory",
        "conf": 0.92,
        "bbox": {
            "left": 202,
            "top": 3324,
            "width": 189,
            "height": 31
        }
    },
    {
        "text": ":",
        "conf": 0.92,
        "bbox": {
            "left": 406,
            "top": 3331,
            "width": 5,
            "height": 18
        }
    },
    {
        "text": "#54, Anand Tower, Bowring Hospital Road,",
        "conf": 0.92,
        "bbox": {
            "left": 427,
            "top": 3325,
            "width": 734,
            "height": 27
        }
    },
    {
        "text": "Regd. Office",
        "conf": 0.92,
        "bbox": {
            "left": 1316,
            "top": 3324,
            "width": 213,
            "height": 31
        }
    },
    {
        "text": ":",
        "conf": 0.91,
        "bbox": {
            "left": 1544,
            "top": 3331,
            "width": 5,
            "height": 18
        }
    },
    {
        "text": "Plot No. 7, Industrial Estate, Rajiv Gandhi Salai,",
        "conf": 0.86,
        "bbox": {
            "left": 1566,
            "top": 3325,
            "width": 799,
            "height": 25
        }
    },
    {
        "text": "Shivajinagar, Bangalore-S60 O01",
        "conf": 0.21,
        "bbox": {
            "left": 309,
            "top": 3365,
            "width": 552,
            "height": 30
        }
    },
    {
        "text": "1800 425 1974",
        "conf": 0.76,
        "bbox": {
            "left": 920,
            "top": 3365,
            "width": 241,
            "height": 25
        }
    },
    {
        "text": "Perungudi, Chennai",
        "conf": 0.92,
        "bbox": {
            "left": 1317,
            "top": 3365,
            "width": 330,
            "height": 30
        }
    },
    {
        "text": "-",
        "conf": 0.9,
        "bbox": {
            "left": 1663,
            "top": 3377,
            "width": 10,
            "height": 3
        }
    },
    {
        "text": "600096, Tamil Nadu, India.",
        "conf": 0.81,
        "bbox": {
            "left": 1688,
            "top": 3364,
            "width": 461,
            "height": 27
        }
    },
    {
        "text": "enquiry",
        "conf": 0.92,
        "bbox": {
            "left": 671,
            "top": 3406,
            "width": 125,
            "height": 28
        }
    },
    {
        "text": "aneuberganand.com",
        "conf": 0.92,
        "bbox": {
            "left": 835,
            "top": 3405,
            "width": 326,
            "height": 30
        }
    },
    {
        "text": "www.neubergdiagnostics.com",
        "conf": 0.9,
        "bbox": {
            "left": 1349,
            "top": 3405,
            "width": 512,
            "height": 30
        }
    }
]