{
    "patient_info": {
        "Name": "Mr K P SHRAVAN Gender: Male LabID : 50641000301",
        "Age\u2019": "40 Years Mob. No. : 9035707662 Pt.ID : 6186848",
        "B2B_ SC": "Ref. By \u00a9 VIKRAMKAMATH Pt. Loc",
        "Reg Date and Time =": "29-Jun-2025 06:37 Report Date and Time : Ref Id1"
    },
    "lab_results": [
        {
            "Test Name": {
                "value": "Adjusted Calcium",
                "confidence": 95.0
            },
            "Result Value": {
                "value": "8.1",
                "confidence": 96.0
            },
            "Unit": {
                "value": "mg/dL",
                "confidence": 81.0
            },
            "Reference Range": {
                "value": "8.8 10.4",
                "confidence": 90.0
            }
        },
        {
            "Test Name": {
                "value": "Chloride",
                "confidence": 96.0
            },
            "Result Value": {
                "value": "109",
                "confidence": 96.0
            },
            "Unit": {
                "value": "mEq/L",
                "confidence": 82.0
            },
            "Reference Range": {
                "value": "98 107",
                "confidence": 92.0
            }
        },
        {
            "Test Name": {
                "value": "LDL Cholesterol (Direct)",
                "confidence": 95.0
            },
            "Result Value": {
                "value": "32",
                "confidence": 96.0
            },
            "Unit": {
                "value": "mg/dL",
                "confidence": 81.0
            },
            "Reference Range": {
                "value": "<100 Optimal",
                "confidence": 92.0
            }
        },
        {
            "Test Name": {
                "value": "Active B12",
                "confidence": 93.0
            },
            "Result Value": {
                "value": "> 256.0",
                "confidence": 95.0
            },
            "Unit": {
                "value": "pmol/L",
                "confidence": 96.0
            },
            "Reference Range": {
                "value": "25.1 165.0",
                "confidence": 88.0
            }
        },
        {
            "Test Name": {
                "value": "Homocysteine",
                "confidence": 96.0
            },
            "Result Value": {
                "value": "7.02",
                "confidence": 95.0
            },
            "Unit": {
                "value": "6.6 14.8",
                "confidence": 85.0
            },
            "Reference Range": {
                "value": "",
                "confidence": 100.0
            }
        },
        {
            "Test Name": {
                "value": "RBC (Electrical Impedance)",
                "confidence": 93.0
            },
            "Result Value": {
                "value": "5.31",
                "confidence": 95.0
            },
            "Unit": {
                "value": "4.2 6.5",
                "confidence": 92.0
            },
            "Reference Range": {
                "value": "",
                "confidence": 100.0
            }
        },
        {
            "Test Name": {
                "value": "Total WBC Count",
                "confidence": 96.0
            },
            "Result Value": {
                "value": "7000",
                "confidence": 96.0
            },
            "Unit": {
                "value": "4000 11000",
                "confidence": 80.0
            },
            "Reference Range": {
                "value": "",
                "confidence": 100.0
            }
        },
        {
            "Test Name": {
                "value": "Platelet Count",
                "confidence": 95.0
            },
            "Result Value": {
                "value": "335000",
                "confidence": 96.0
            },
            "Unit": {
                "value": "150000",
                "confidence": 85.0
            },
            "Reference Range": {
                "value": "",
                "confidence": 100.0
            }
        },
        {
            "Test Name": {
                "value": "LDL CHOL/HDL CHOL",
                "confidence": 90.0
            },
            "Result Value": {
                "value": "0.7",
                "confidence": 96.0
            },
            "Unit": {
                "value": "<3.5",
                "confidence": 92.0
            },
            "Reference Range": {
                "value": "",
                "confidence": 100.0
            }
        },
        {
            "Test Name": {
                "value": "Chol/HDL",
                "confidence": 90.0
            },
            "Result Value": {
                "value": "2.6",
                "confidence": 96.0
            },
            "Unit": {
                "value": "<4.5",
                "confidence": 88.0
            },
            "Reference Range": {
                "value": "",
                "confidence": 100.0
            }
        },
        {
            "Test Name": {
                "value": "TSH",
                "confidence": 95.0
            },
            "Result Value": {
                "value": "1.45",
                "confidence": 96.0
            },
            "Unit": {
                "value": "0.35 4.94",
                "confidence": 93.0
            },
            "Reference Range": {
                "value": "",
                "confidence": 100.0
            }
        },
        {
            "Test Name": {
                "value": "Estimated Avg Glucose (3",
                "confidence": 96.0
            },
            "Result Value": {
                "value": "111.15",
                "confidence": 95.0
            },
            "Unit": {
                "value": "Not available",
                "confidence": 95.0
            },
            "Reference Range": {
                "value": "",
                "confidence": 100.0
            }
        },
        {
            "Test Name": {
                "value": "Albumin / Globulin RATIO",
                "confidence": 89.0
            },
            "Result Value": {
                "value": "1.85",
                "confidence": 95.0
            },
            "Unit": {
                "value": "1.5-2.5",
                "confidence": 91.0
            },
            "Reference Range": {
                "value": "",
                "confidence": 100.0
            }
        },
        {
            "Test Name": {
                "value": "Sodium",
                "confidence": 96.0
            },
            "Result Value": {
                "value": "140",
                "confidence": 96.0
            },
            "Unit": {
                "value": "136 145",
                "confidence": 89.0
            },
            "Reference Range": {
                "value": "",
                "confidence": 100.0
            }
        },
        {
            "Test Name": {
                "value": "Potassium",
                "confidence": 96.0
            },
            "Result Value": {
                "value": "4.36",
                "confidence": 96.0
            },
            "Unit": {
                "value": "3.5 5.1",
                "confidence": 59.0
            },
            "Reference Range": {
                "value": "",
                "confidence": 100.0
            }
        },
        {
            "Test Name": {
                "value": "Chloride",
                "confidence": 96.0
            },
            "Result Value": {
                "value": "109",
                "confidence": 96.0
            },
            "Unit": {
                "value": "107",
                "confidence": 95.0
            },
            "Reference Range": {
                "value": "",
                "confidence": 100.0
            }
        },
        {
            "Test Name": {
                "value": "Active B12",
                "confidence": 92.0
            },
            "Result Value": {
                "value": "> 256.0",
                "confidence": 95.0
            },
            "Unit": {
                "value": "25.1 165.0",
                "confidence": 92.0
            },
            "Reference Range": {
                "value": "",
                "confidence": 100.0
            }
        }
    ],
    "metadata": {
        "extraction_method": "dynamic_rule_based_v6",
        "num_tests_extracted": 17,
        "detected_columns": [
            "Test Name",
            "Result Value",
            "Unit",
            "Reference Range"
        ]
    }
}