{
    "patient_info": {
        "Name _": "Ms. RATHNA GABRIAL Gender . Female LabID ~: 50635928369",
        "Age\u2019 =": "79 Years Mob. No. : Pt. ID",
        "B2B": "EMAMI FRANK ROSS LIMITED Ref.By . Pt. Loc",
        "Reg Date and Time - 30-Jun-2025 16": "13 Report Date and Time <: 30-Jun-2025 18:18 Ref Id1",
        "Sample Received at": "KA-Shivajinagar Ref Id2",
        "Serum Coll. Time": "30-Jun-2025 16:14",
        "Note": ""
    },
    "lab_results": [],
    "metadata": {
        "extraction_method": "dynamic_rule_based_v6",
        "num_tests_extracted": 0,
        "detected_columns": [
            "TEST",
            "RESULTS",
            "UNIT",
            "BIOLOGICAL REF RANGE REMARKS"
        ]
    }
}