{
    "patient_info": {
        "Name_": "Mrs RATHNA GABRIAL Gender .: Female LabID_ .: 50636000175",
        "Age\u2019": "79 Years Mob. No. : Pt. ID",
        "B2B =": "EMAMI FRANK ROSS LIMITED Ref.By . Pt. Loc",
        "Reg Date and Time =. 03-Jun-2025 08": "37 Report Date and Time: 03-Jun-2025 11:41 Ref Id1",
        "Sample Received at": "KA-Kasturinagar Ref Id2",
        "HEXOKINASE/G-6-PDH 100 125 mg/dl": "",
        ">/= 126 mg/dl": "Diabetes.",
        "Plasma Fluoride F Coll. Time": "03-Jun-2025 08:45"
    },
    "lab_results": [],
    "metadata": {
        "extraction_method": "dynamic_rule_based_v6",
        "num_tests_extracted": 0,
        "detected_columns": [
            "TEST",
            "RESULTS",
            "UNIT",
            "BIOLOGICAL REF RANGE REMARKS"
        ]
    }
}