{
    "patient_info": {
        "name": "MRS SATH YearsAVATH Years Collection + 16-Sep-2025 / 1227 PM",
        "age": "7ZO Years",
        "gender": "Female Received  16-Sep-2025",
        "patient_id": "P0893801",
        "collected_at": "Emami Frank Ross Limited Report  16-Sep-2025 / 1503 PM"
    },
    "lab_results": [
        {
            "name": "BILIRUBIN TOTAL",
            "value": "0.44",
            "unit": "mg/dl",
            "reference_range": "<0.9"
        },
        {
            "name": "BILIRUBIN DIRECT",
            "value": "0.26",
            "unit": "mg/dl",
            "reference_range": "<0.30"
        },
        {
            "name": "BILIRUBIN INDIRECT",
            "value": "0.18",
            "unit": "mg/dl",
            "reference_range": "0.1-1.0"
        },
        {
            "name": "TOTAL PROTEIN",
            "value": "7.1",
            "unit": "g/dL",
            "reference_range": "Umbilical cord =: 4.8-8.8"
        },
        {
            "name": "ALBUMIN",
            "value": "3.9",
            "unit": "g/L",
            "reference_range": "Adults : 3.5-5.2"
        },
        {
            "name": "GLOBULIN",
            "value": "3.2",
            "unit": "g/dL",
            "reference_range": "2.3-3.5"
        },
        {
            "name": "A/G RATIO",
            "value": "1.22",
            "unit": "",
            "reference_range": "1-2"
        },
        {
            "name": "SGPT (ALT)",
            "value": "22",
            "unit": "U/L",
            "reference_range": "10-35"
        },
        {
            "name": "GGT",
            "value": "15",
            "unit": "U/L",
            "reference_range": "<40"
        },
        {
            "name": "ALKALINE PHOSPHATASE",
            "value": "67",
            "unit": "U/L",
            "reference_range": "35-104"
        },
        {
            "name": "1-2 days 6.0-12.0",
            "value": "6.0-10.0",
            "unit": "",
            "reference_range": ""
        },
        {
            "name": "3-5 days 10.0-14.0",
            "value": "4.0-8.0",
            "unit": "",
            "reference_range": ""
        }
    ],
    "metadata": {
        "extraction_method": "rule_based_v2_layout_aware",
        "num_tests_extracted": 12
    }
}