{
    "patient_info": {
        "Lab. Id": "P0893801 Hosp. UHID Reg. Date —: 16-Sep-2025 / 12:26 PM",
        "Name": "MRS. SATHYAVATHY Collection + 16-Sep-2025 / 12:27 PM",
        "Collected At": "Emami Frank Ross Limited Report : 16-Sep-2025 / 15:03 PM",
        "Referral Dr": "Report Status : Final Print :",
        "Method": "Biuret Premature 3.6-6.0",
        "TOTAL PROTEIN 7.1 g/dL Umbilical cord =": "4.8-8.8 Serum",
        "New born": "4.6-7.0",
        "Age": "7ZOY",
        "Gender": "Female Received : 16-Sep-2025 / 13:09 PM"
    },
    "lab_results": [
        {
            "Investigation": {
                "value": "BILIRUBIN TOTAL",
                "confidence": 96.0
            },
            "Observed Value": {
                "value": "0.44",
                "confidence": 94.0
            },
            "Unit": {
                "value": "mg/dl",
                "confidence": 92.0
            },
            "Biological Ref. Interval": {
                "value": "<0.9",
                "confidence": 88.0
            },
            "Specimen": {
                "value": "Serum",
                "confidence": 96.0
            }
        },
        {
            "Investigation": {
                "value": "BILIRUBIN DIRECT",
                "confidence": 96.0
            },
            "Observed Value": {
                "value": "0.26",
                "confidence": 95.0
            },
            "Unit": {
                "value": "mg/dl",
                "confidence": 92.0
            },
            "Biological Ref. Interval": {
                "value": "<0.30",
                "confidence": 91.0
            },
            "Specimen": {
                "value": "Serum",
                "confidence": 96.0
            }
        },
        {
            "Investigation": {
                "value": "BILIRUBIN INDIRECT",
                "confidence": 95.0
            },
            "Observed Value": {
                "value": "0.18",
                "confidence": 96.0
            },
            "Unit": {
                "value": "mg/dl",
                "confidence": 92.0
            },
            "Biological Ref. Interval": {
                "value": "0.1-1.0",
                "confidence": 88.0
            },
            "Specimen": {
                "value": "Serum",
                "confidence": 96.0
            }
        },
        {
            "Investigation": {
                "value": "TOTAL PROTEIN",
                "confidence": 96.0
            },
            "Observed Value": {
                "value": "7.1",
                "confidence": 94.0
            },
            "Unit": {
                "value": "g/dL",
                "confidence": 89.0
            },
            "Biological Ref. Interval": {
                "value": "Umbilical cord =: 4.8-8.8",
                "confidence": 69.0
            },
            "Specimen": {
                "value": "Serum",
                "confidence": 96.0
            }
        },
        {
            "Investigation": {
                "value": "ALBUMIN",
                "confidence": 96.0
            },
            "Observed Value": {
                "value": "3.9",
                "confidence": 96.0
            },
            "Unit": {
                "value": "g/L",
                "confidence": 96.0
            },
            "Biological Ref. Interval": {
                "value": "Adults : 3.5-5.2",
                "confidence": 66.0
            },
            "Specimen": {
                "value": "Serum",
                "confidence": 96.0
            }
        },
        {
            "Investigation": {
                "value": "GLOBULIN",
                "confidence": 95.0
            },
            "Observed Value": {
                "value": "3.2",
                "confidence": 95.0
            },
            "Unit": {
                "value": "g/dL",
                "confidence": 94.0
            },
            "Biological Ref. Interval": {
                "value": "2.3-3.5",
                "confidence": 88.0
            },
            "Specimen": {
                "value": "Serum",
                "confidence": 96.0
            }
        },
        {
            "Investigation": {
                "value": "SGPT (ALT)",
                "confidence": 94.0
            },
            "Observed Value": {
                "value": "22",
                "confidence": 96.0
            },
            "Unit": {
                "value": "U/L",
                "confidence": 94.0
            },
            "Biological Ref. Interval": {
                "value": "10-35",
                "confidence": 96.0
            },
            "Specimen": {
                "value": "Serum",
                "confidence": 96.0
            }
        },
        {
            "Investigation": {
                "value": "GGT",
                "confidence": 95.0
            },
            "Observed Value": {
                "value": "15",
                "confidence": 93.0
            },
            "Unit": {
                "value": "U/L",
                "confidence": 94.0
            },
            "Biological Ref. Interval": {
                "value": "<40",
                "confidence": 92.0
            },
            "Specimen": {
                "value": "Serum",
                "confidence": 96.0
            }
        },
        {
            "Investigation": {
                "value": "ALKALINE PHOSPHATASE",
                "confidence": 96.0
            },
            "Observed Value": {
                "value": "67",
                "confidence": 96.0
            },
            "Unit": {
                "value": "U/L",
                "confidence": 94.0
            },
            "Biological Ref. Interval": {
                "value": "35-104",
                "confidence": 96.0
            },
            "Specimen": {
                "value": "Serum",
                "confidence": 96.0
            }
        },
        {
            "Investigation": {
                "value": "0-1 day 1.0-8.0",
                "confidence": 92.0
            },
            "Observed Value": {
                "value": "2.0-6.0",
                "confidence": 91.0
            },
            "Unit": {
                "value": "",
                "confidence": 100.0
            },
            "Biological Ref. Interval": {
                "value": "",
                "confidence": 100.0
            },
            "Specimen": {
                "value": "",
                "confidence": 100.0
            }
        },
        {
            "Investigation": {
                "value": "1-2 days 6.0-12.0",
                "confidence": 92.0
            },
            "Observed Value": {
                "value": "6.0-10.0",
                "confidence": 91.0
            },
            "Unit": {
                "value": "",
                "confidence": 100.0
            },
            "Biological Ref. Interval": {
                "value": "",
                "confidence": 100.0
            },
            "Specimen": {
                "value": "",
                "confidence": 100.0
            }
        },
        {
            "Investigation": {
                "value": "3-5 days 10.0-14.0",
                "confidence": 91.0
            },
            "Observed Value": {
                "value": "4.0-8.0",
                "confidence": 91.0
            },
            "Unit": {
                "value": "",
                "confidence": 100.0
            },
            "Biological Ref. Interval": {
                "value": "",
                "confidence": 100.0
            },
            "Specimen": {
                "value": "",
                "confidence": 100.0
            }
        },
        {
            "Investigation": {
                "value": "*Teitz 5th ed",
                "confidence": 85.0
            },
            "Observed Value": {
                "value": "",
                "confidence": 100.0
            },
            "Unit": {
                "value": "",
                "confidence": 100.0
            },
            "Biological Ref. Interval": {
                "value": "",
                "confidence": 100.0
            },
            "Specimen": {
                "value": "",
                "confidence": 100.0
            }
        },
        {
            "Investigation": {
                "value": "0-1 yr 150-350",
                "confidence": 93.0
            },
            "Observed Value": {
                "value": "",
                "confidence": 100.0
            },
            "Unit": {
                "value": "",
                "confidence": 100.0
            },
            "Biological Ref. Interval": {
                "value": "",
                "confidence": 100.0
            },
            "Specimen": {
                "value": "",
                "confidence": 100.0
            }
        },
        {
            "Investigation": {
                "value": "1-16 yr 30-300",
                "confidence": 96.0
            },
            "Observed Value": {
                "value": "",
                "confidence": 100.0
            },
            "Unit": {
                "value": "",
                "confidence": 100.0
            },
            "Biological Ref. Interval": {
                "value": "",
                "confidence": 100.0
            },
            "Specimen": {
                "value": "",
                "confidence": 100.0
            }
        },
        {
            "Investigation": {
                "value": "“Wallach 10th ed",
                "confidence": 88.0
            },
            "Observed Value": {
                "value": "",
                "confidence": 100.0
            },
            "Unit": {
                "value": "",
                "confidence": 100.0
            },
            "Biological Ref. Interval": {
                "value": "",
                "confidence": 100.0
            },
            "Specimen": {
                "value": "",
                "confidence": 100.0
            }
        },
        {
            "Investigation": {
                "value": "Verified Date 16-Sep-2025",
                "confidence": 55.0
            },
            "Observed Value": {
                "value": "",
                "confidence": 100.0
            },
            "Unit": {
                "value": "",
                "confidence": 100.0
            },
            "Biological Ref. Interval": {
                "value": "Dr.",
                "confidence": 96.0
            },
            "Specimen": {
                "value": "Kumar A &",
                "confidence": 40.0
            }
        }
    ],
    "metadata": {
        "extraction_method": "dynamic_rule_based_v6",
        "num_tests_extracted": 17,
        "detected_columns": [
            "Investigation",
            "Observed Value",
            "Unit",
            "Biological Ref. Interval",
            "Specimen"
        ]
    }
}