{
    "patient_info": {
        "Regd. Office": "Dr Lal Path abs Ltd, Block-E, Sector-18, Rohini, New Dethi-1 10085",
        "Web": "www iaipathiabs com, CIN: L74899DL 1 99SPLC065 388",
        "Name": "Mrs. SWARNA LATA",
        "Lab No.": "466917439 Age : 41 Years",
        "Ref By": "Self Gender : Female",
        "Collected 8/8/2024 7": "50:00AM Reported 9/8/2024 10:06:36AM",
        "Alc Status": "P Report Status : Final",
        "Collected at}": "RELEX HEALTHCARE INDIA Pvt. Ltd. Processed at : LPL-BENGALURU REFERENCE LAB"
    },
    "lab_results": [
        {
            "Test Name": {
                "value": "Creatinine",
                "confidence": 96.0
            },
            "Results": {
                "value": "0.63",
                "confidence": 95.0
            },
            "Units": {
                "value": "mg/dL",
                "confidence": 77.0
            },
            "Bio. Ref. Interval": {
                "value": "0.51 0.95",
                "confidence": 91.0
            }
        },
        {
            "Test Name": {
                "value": "GFR Estimated",
                "confidence": 96.0
            },
            "Results": {
                "value": "114",
                "confidence": 96.0
            },
            "Units": {
                "value": "mL/min/1.73m2",
                "confidence": 89.0
            },
            "Bio. Ref. Interval": {
                "value": ">59",
                "confidence": 92.0
            }
        },
        {
            "Test Name": {
                "value": "GFR Category",
                "confidence": 96.0
            },
            "Results": {
                "value": "G1",
                "confidence": 93.0
            },
            "Units": {
                "value": "",
                "confidence": 100.0
            },
            "Bio. Ref. Interval": {
                "value": "",
                "confidence": 100.0
            }
        },
        {
            "Test Name": {
                "value": "Urea",
                "confidence": 97.0
            },
            "Results": {
                "value": "17.00",
                "confidence": 96.0
            },
            "Units": {
                "value": "mg/dL",
                "confidence": 92.0
            },
            "Bio. Ref. Interval": {
                "value": "17.00 43.00",
                "confidence": 92.0
            }
        },
        {
            "Test Name": {
                "value": "Urea Nitrogen Blood",
                "confidence": 95.0
            },
            "Results": {
                "value": "7.94",
                "confidence": 94.0
            },
            "Units": {
                "value": "mg/dL",
                "confidence": 92.0
            },
            "Bio. Ref. Interval": {
                "value": "6.00 20.00",
                "confidence": 93.0
            }
        },
        {
            "Test Name": {
                "value": "Uric Acid",
                "confidence": 96.0
            },
            "Results": {
                "value": "3.40",
                "confidence": 96.0
            },
            "Units": {
                "value": "mg/dL",
                "confidence": 85.0
            },
            "Bio. Ref. Interval": {
                "value": "2.60 6.00",
                "confidence": 93.0
            }
        },
        {
            "Test Name": {
                "value": "AST (SGOT)",
                "confidence": 96.0
            },
            "Results": {
                "value": "21.0",
                "confidence": 96.0
            },
            "Units": {
                "value": "U/L",
                "confidence": 93.0
            },
            "Bio. Ref. Interval": {
                "value": "<35",
                "confidence": 91.0
            }
        },
        {
            "Test Name": {
                "value": "(IFCC without P5P)",
                "confidence": 91.0
            },
            "Results": {
                "value": "",
                "confidence": 100.0
            },
            "Units": {
                "value": "",
                "confidence": 100.0
            },
            "Bio. Ref. Interval": {
                "value": "",
                "confidence": 100.0
            }
        },
        {
            "Test Name": {
                "value": "ALT (SGPT)",
                "confidence": 93.0
            },
            "Results": {
                "value": "18.0",
                "confidence": 94.0
            },
            "Units": {
                "value": "U/L",
                "confidence": 93.0
            },
            "Bio. Ref. Interval": {
                "value": "<35",
                "confidence": 91.0
            }
        },
        {
            "Test Name": {
                "value": "(IFCC without P5P)",
                "confidence": 91.0
            },
            "Results": {
                "value": "",
                "confidence": 100.0
            },
            "Units": {
                "value": "",
                "confidence": 100.0
            },
            "Bio. Ref. Interval": {
                "value": "",
                "confidence": 100.0
            }
        },
        {
            "Test Name": {
                "value": "GGTP",
                "confidence": 92.0
            },
            "Results": {
                "value": "13.0",
                "confidence": 95.0
            },
            "Units": {
                "value": "U/L",
                "confidence": 93.0
            },
            "Bio. Ref. Interval": {
                "value": "<38",
                "confidence": 92.0
            }
        },
        {
            "Test Name": {
                "value": "Alkaline Phosphatase (ALP)",
                "confidence": 96.0
            },
            "Results": {
                "value": "79.00",
                "confidence": 96.0
            },
            "Units": {
                "value": "U/L",
                "confidence": 93.0
            },
            "Bio. Ref. Interval": {
                "value": "30 120",
                "confidence": 79.0
            }
        },
        {
            "Test Name": {
                "value": "Bilirubin Total",
                "confidence": 93.0
            },
            "Results": {
                "value": "0.63",
                "confidence": 95.0
            },
            "Units": {
                "value": "mg/dL",
                "confidence": 90.0
            },
            "Bio. Ref. Interval": {
                "value": "<1.00",
                "confidence": 90.0
            }
        },
        {
            "Test Name": {
                "value": "Bilirubin Direct",
                "confidence": 95.0
            },
            "Results": {
                "value": "0.11",
                "confidence": 96.0
            },
            "Units": {
                "value": "mg/dL",
                "confidence": 92.0
            },
            "Bio. Ref. Interval": {
                "value": "0.00 0.30",
                "confidence": 93.0
            }
        },
        {
            "Test Name": {
                "value": "Bilirubin Indirect",
                "confidence": 90.0
            },
            "Results": {
                "value": "0.52",
                "confidence": 95.0
            },
            "Units": {
                "value": "mg/dL",
                "confidence": 92.0
            },
            "Bio. Ref. Interval": {
                "value": "<1.10",
                "confidence": 90.0
            }
        },
        {
            "Test Name": {
                "value": "Total Protein",
                "confidence": 96.0
            },
            "Results": {
                "value": "7.20",
                "confidence": 96.0
            },
            "Units": {
                "value": "g/dL",
                "confidence": 94.0
            },
            "Bio. Ref. Interval": {
                "value": "6.40 8.30",
                "confidence": 93.0
            }
        },
        {
            "Test Name": {
                "value": "Albumin",
                "confidence": 96.0
            },
            "Results": {
                "value": "3.90",
                "confidence": 96.0
            },
            "Units": {
                "value": "g/dL",
                "confidence": 94.0
            },
            "Bio. Ref. Interval": {
                "value": "3.50 5.20",
                "confidence": 92.0
            }
        },
        {
            "Test Name": {
                "value": "Globulin(Calculated)",
                "confidence": 91.0
            },
            "Results": {
                "value": "3.30",
                "confidence": 96.0
            },
            "Units": {
                "value": "gm/dL",
                "confidence": 64.0
            },
            "Bio. Ref. Interval": {
                "value": "2.0-3.5",
                "confidence": 90.0
            }
        },
        {
            "Test Name": {
                "value": "Calcium, Total",
                "confidence": 96.0
            },
            "Results": {
                "value": "8.70",
                "confidence": 94.0
            },
            "Units": {
                "value": "mg/dL",
                "confidence": 77.0
            },
            "Bio. Ref. Interval": {
                "value": "8.60 10.30",
                "confidence": 93.0
            }
        },
        {
            "Test Name": {
                "value": "Phosphorus",
                "confidence": 96.0
            },
            "Results": {
                "value": "4.26",
                "confidence": 96.0
            },
            "Units": {
                "value": "mg/dL",
                "confidence": 80.0
            },
            "Bio. Ref. Interval": {
                "value": "2.40 4.40",
                "confidence": 92.0
            }
        },
        {
            "Test Name": {
                "value": "Sodium",
                "confidence": 96.0
            },
            "Results": {
                "value": "134.90",
                "confidence": 96.0
            },
            "Units": {
                "value": "mEq/L",
                "confidence": 84.0
            },
            "Bio. Ref. Interval": {
                "value": "136.00 146.00",
                "confidence": 93.0
            }
        },
        {
            "Test Name": {
                "value": "Potassium",
                "confidence": 96.0
            },
            "Results": {
                "value": "§.75",
                "confidence": 85.0
            },
            "Units": {
                "value": "mEq/L",
                "confidence": 63.0
            },
            "Bio. Ref. Interval": {
                "value": "3.50 5.10",
                "confidence": 92.0
            }
        },
        {
            "Test Name": {
                "value": "Chloride",
                "confidence": 96.0
            },
            "Results": {
                "value": "104.00",
                "confidence": 96.0
            },
            "Units": {
                "value": "mEq/L",
                "confidence": 92.0
            },
            "Bio. Ref. Interval": {
                "value": "101.00 109.00",
                "confidence": 93.0
            }
        },
        {
            "Test Name": {
                "value": "Cholesterol, Total",
                "confidence": 96.0
            },
            "Results": {
                "value": "174.00",
                "confidence": 96.0
            },
            "Units": {
                "value": "mg/dL",
                "confidence": 77.0
            },
            "Bio. Ref. Interval": {
                "value": "<200.00",
                "confidence": 92.0
            }
        },
        {
            "Test Name": {
                "value": "Triglycerides",
                "confidence": 96.0
            },
            "Results": {
                "value": "140.00",
                "confidence": 96.0
            },
            "Units": {
                "value": "mg/dL",
                "confidence": 92.0
            },
            "Bio. Ref. Interval": {
                "value": "<150.00",
                "confidence": 92.0
            }
        },
        {
            "Test Name": {
                "value": "HDL Cholesterol",
                "confidence": 96.0
            },
            "Results": {
                "value": "45.00",
                "confidence": 96.0
            },
            "Units": {
                "value": "mg/dL",
                "confidence": 92.0
            },
            "Bio. Ref. Interval": {
                "value": ">50.00",
                "confidence": 91.0
            }
        },
        {
            "Test Name": {
                "value": "LDL Cholesterol, Calculated",
                "confidence": 95.0
            },
            "Results": {
                "value": "101.00",
                "confidence": 95.0
            },
            "Units": {
                "value": "mg/dL",
                "confidence": 77.0
            },
            "Bio. Ref. Interval": {
                "value": "<100.00",
                "confidence": 92.0
            }
        },
        {
            "Test Name": {
                "value": "VLDL Cholesterol,Calculated",
                "confidence": 91.0
            },
            "Results": {
                "value": "28.00",
                "confidence": 96.0
            },
            "Units": {
                "value": "mg/dL",
                "confidence": 77.0
            },
            "Bio. Ref. Interval": {
                "value": "<30.00",
                "confidence": 92.0
            }
        },
        {
            "Test Name": {
                "value": "Non-HDL Cholesterol",
                "confidence": 92.0
            },
            "Results": {
                "value": "129",
                "confidence": 96.0
            },
            "Units": {
                "value": "mg/dL",
                "confidence": 87.0
            },
            "Bio. Ref. Interval": {
                "value": "<130",
                "confidence": 92.0
            }
        },
        {
            "Test Name": {
                "value": "1. Measurements in the",
                "confidence": 94.0
            },
            "Results": {
                "value": "physiological &",
                "confidence": 93.0
            },
            "Units": {
                "value": "variations. Three",
                "confidence": 96.0
            },
            "Bio. Ref. Interval": {
                "value": "",
                "confidence": 100.0
            }
        },
        {
            "Test Name": {
                "value": "samples 1 week apart",
                "confidence": 96.0
            },
            "Results": {
                "value": "Total Cholesterol,",
                "confidence": 96.0
            },
            "Units": {
                "value": "HDL& LDL",
                "confidence": 92.0
            },
            "Bio. Ref. Interval": {
                "value": "",
                "confidence": 100.0
            }
        },
        {
            "Test Name": {
                "value": "2. Additional testing for",
                "confidence": 89.0
            },
            "Results": {
                "value": "Lp(a ) & LP-PLA2",
                "confidence": 91.0
            },
            "Units": {
                "value": "be considered",
                "confidence": 95.0
            },
            "Bio. Ref. Interval": {
                "value": "",
                "confidence": 100.0
            }
        },
        {
            "Test Name": {
                "value": "| Extreme | <50",
                "confidence": 87.0
            },
            "Results": {
                "value": "<8 |",
                "confidence": 89.0
            },
            "Units": {
                "value": "|",
                "confidence": 86.0
            },
            "Bio. Ref. Interval": {
                "value": "|",
                "confidence": 88.0
            }
        },
        {
            "Test Name": {
                "value": "| Risk Group [|COptional goal",
                "confidence": 30.0
            },
            "Results": {
                "value": "goal <60) |",
                "confidence": 92.0
            },
            "Units": {
                "value": "|",
                "confidence": 94.0
            },
            "Bio. Ref. Interval": {
                "value": "|",
                "confidence": 95.0
            }
        },
        {
            "Test Name": {
                "value": "| Risk Group | <30",
                "confidence": 87.0
            },
            "Results": {
                "value": "<60 |",
                "confidence": 92.0
            },
            "Units": {
                "value": "|",
                "confidence": 96.0
            },
            "Bio. Ref. Interval": {
                "value": "|",
                "confidence": 96.0
            }
        },
        {
            "Test Name": {
                "value": "| Ver | <50",
                "confidence": 63.0
            },
            "Results": {
                "value": "<80 |",
                "confidence": 87.0
            },
            "Units": {
                "value": "|",
                "confidence": 85.0
            },
            "Bio. Ref. Interval": {
                "value": "|",
                "confidence": 88.0
            }
        },
        {
            "Test Name": {
                "value": "| High | <70",
                "confidence": 58.0
            },
            "Results": {
                "value": "<100 |",
                "confidence": 91.0
            },
            "Units": {
                "value": "|",
                "confidence": 92.0
            },
            "Bio. Ref. Interval": {
                "value": "|",
                "confidence": 95.0
            }
        },
        {
            "Test Name": {
                "value": "| Moderate | <100",
                "confidence": 88.0
            },
            "Results": {
                "value": "<130 |",
                "confidence": 90.0
            },
            "Units": {
                "value": "|",
                "confidence": 92.0
            },
            "Bio. Ref. Interval": {
                "value": "|",
                "confidence": 84.0
            }
        },
        {
            "Test Name": {
                "value": "| Low | <100",
                "confidence": 92.0
            },
            "Results": {
                "value": "<130 |",
                "confidence": 92.0
            },
            "Units": {
                "value": "|",
                "confidence": 95.0
            },
            "Bio. Ref. Interval": {
                "value": ">160* |",
                "confidence": 91.0
            }
        },
        {
            "Test Name": {
                "value": "*In low risk patient, consider",
                "confidence": 89.0
            },
            "Results": {
                "value": "non-pharmacological",
                "confidence": 91.0
            },
            "Units": {
                "value": "for at least 3",
                "confidence": 96.0
            },
            "Bio. Ref. Interval": {
                "value": "",
                "confidence": 100.0
            }
        },
        {
            "Test Name": {
                "value": "Glucose Fasting",
                "confidence": 96.0
            },
            "Results": {
                "value": "93.00",
                "confidence": 96.0
            },
            "Units": {
                "value": "mg/dL",
                "confidence": 93.0
            },
            "Bio. Ref. Interval": {
                "value": "70.00 100.00",
                "confidence": 92.0
            }
        },
        {
            "Test Name": {
                "value": "VITAMIN B12; CYANOCOBALAMIN",
                "confidence": 78.0
            },
            "Results": {
                "value": "",
                "confidence": 100.0
            },
            "Units": {
                "value": "",
                "confidence": 100.0
            },
            "Bio. Ref. Interval": {
                "value": "",
                "confidence": 100.0
            }
        },
        {
            "Test Name": {
                "value": "Vitamin B12; Cyanocobalamin",
                "confidence": 91.0
            },
            "Results": {
                "value": "133.80",
                "confidence": 96.0
            },
            "Units": {
                "value": "pg/mL",
                "confidence": 95.0
            },
            "Bio. Ref. Interval": {
                "value": "180.00 914.00",
                "confidence": 93.0
            }
        },
        {
            "Test Name": {
                "value": "| Normal | 180",
                "confidence": 83.0
            },
            "Results": {
                "value": "|",
                "confidence": 91.0
            },
            "Units": {
                "value": "",
                "confidence": 100.0
            },
            "Bio. Ref. Interval": {
                "value": "",
                "confidence": 100.0
            }
        },
        {
            "Test Name": {
                "value": "| Indeterminate | 120",
                "confidence": 92.0
            },
            "Results": {
                "value": "|",
                "confidence": 53.0
            },
            "Units": {
                "value": "",
                "confidence": 100.0
            },
            "Bio. Ref. Interval": {
                "value": "",
                "confidence": 100.0
            }
        },
        {
            "Test Name": {
                "value": "| Deficient | < 120",
                "confidence": 93.0
            },
            "Results": {
                "value": "|",
                "confidence": 96.0
            },
            "Units": {
                "value": "",
                "confidence": 100.0
            },
            "Bio. Ref. Interval": {
                "value": "",
                "confidence": 100.0
            }
        },
        {
            "Test Name": {
                "value": "2. It is recommended to",
                "confidence": 59.0
            },
            "Results": {
                "value": "testing with plasma",
                "confidence": 92.0
            },
            "Units": {
                "value": "Methylmalonic acid",
                "confidence": 92.0
            },
            "Bio. Ref. Interval": {
                "value": "",
                "confidence": 100.0
            }
        },
        {
            "Test Name": {
                "value": "3. False increase in Vitamin",
                "confidence": 95.0
            },
            "Results": {
                "value": "observed in patients",
                "confidence": 95.0
            },
            "Units": {
                "value": "intrinsic factor",
                "confidence": 96.0
            },
            "Bio. Ref. Interval": {
                "value": "",
                "confidence": 100.0
            }
        },
        {
            "Test Name": {
                "value": "VITAMIN D, 25 HYDROXY, SERUM",
                "confidence": 92.0
            },
            "Results": {
                "value": "",
                "confidence": 100.0
            },
            "Units": {
                "value": "",
                "confidence": 100.0
            },
            "Bio. Ref. Interval": {
                "value": "",
                "confidence": 100.0
            }
        },
        {
            "Test Name": {
                "value": "Vitamin D, 25 Hydroxy",
                "confidence": 92.0
            },
            "Results": {
                "value": "33.17",
                "confidence": 96.0
            },
            "Units": {
                "value": "nmol/L",
                "confidence": 96.0
            },
            "Bio. Ref. Interval": {
                "value": "75.00 250",
                "confidence": 91.0
            }
        },
        {
            "Test Name": {
                "value": "---------------",
                "confidence": 78.0
            },
            "Results": {
                "value": "---------------",
                "confidence": 0.0
            },
            "Units": {
                "value": "2-222-222-2222",
                "confidence": 0.0
            },
            "Bio. Ref. Interval": {
                "value": "2-22-22",
                "confidence": 0.0
            }
        },
        {
            "Test Name": {
                "value": "---------------",
                "confidence": 74.0
            },
            "Results": {
                "value": "---=-----",
                "confidence": 0.0
            },
            "Units": {
                "value": "22222 nen",
                "confidence": 17.0
            },
            "Bio. Ref. Interval": {
                "value": "nen eee",
                "confidence": 8.0
            }
        },
        {
            "Test Name": {
                "value": "---------------",
                "confidence": 76.0
            },
            "Results": {
                "value": "---------",
                "confidence": 16.0
            },
            "Units": {
                "value": "2-222-222-2222",
                "confidence": 0.0
            },
            "Bio. Ref. Interval": {
                "value": "",
                "confidence": 100.0
            }
        },
        {
            "Test Name": {
                "value": "25 (OH)D is influenced",
                "confidence": 87.0
            },
            "Results": {
                "value": "pigmentation,",
                "confidence": 96.0
            },
            "Units": {
                "value": "use and hepatic",
                "confidence": 96.0
            },
            "Bio. Ref. Interval": {
                "value": "",
                "confidence": 100.0
            }
        },
        {
            "Test Name": {
                "value": "Optimal calcium absorption",
                "confidence": 90.0
            },
            "Results": {
                "value": "25 (OH) levels",
                "confidence": 93.0
            },
            "Units": {
                "value": "75 nmol/L.",
                "confidence": 94.0
            },
            "Bio. Ref. Interval": {
                "value": "",
                "confidence": 100.0
            }
        },
        {
            "Test Name": {
                "value": "It shows seasonal variation,",
                "confidence": 72.0
            },
            "Results": {
                "value": "40-50% lower in",
                "confidence": 96.0
            },
            "Units": {
                "value": "in summer.",
                "confidence": 96.0
            },
            "Bio. Ref. Interval": {
                "value": "",
                "confidence": 100.0
            }
        },
        {
            "Test Name": {
                "value": "T3, Total",
                "confidence": 92.0
            },
            "Results": {
                "value": "1.36",
                "confidence": 96.0
            },
            "Units": {
                "value": "ng/mL",
                "confidence": 95.0
            },
            "Bio. Ref. Interval": {
                "value": "0.70 2.04",
                "confidence": 93.0
            }
        },
        {
            "Test Name": {
                "value": "T4, Total",
                "confidence": 93.0
            },
            "Results": {
                "value": "11.81",
                "confidence": 96.0
            },
            "Units": {
                "value": "ug/dL",
                "confidence": 9.0
            },
            "Bio. Ref. Interval": {
                "value": "5.74 13.03",
                "confidence": 92.0
            }
        },
        {
            "Test Name": {
                "value": "TSH",
                "confidence": 96.0
            },
            "Results": {
                "value": "3.15",
                "confidence": 96.0
            },
            "Units": {
                "value": "ylU/mL",
                "confidence": 60.0
            },
            "Bio. Ref. Interval": {
                "value": "0.34 5.60",
                "confidence": 91.0
            }
        },
        {
            "Test Name": {
                "value": "1. TSH levels are subject",
                "confidence": 79.0
            },
            "Results": {
                "value": "reaching peak",
                "confidence": 95.0
            },
            "Units": {
                "value": "between 2 4.a.m.",
                "confidence": 89.0
            },
            "Bio. Ref. Interval": {
                "value": "ata",
                "confidence": 89.0
            }
        },
        {
            "Test Name": {
                "value": "Total T4 levels",
                "confidence": 93.0
            },
            "Results": {
                "value": "in patients on",
                "confidence": 94.0
            },
            "Units": {
                "value": "therapy.",
                "confidence": 96.0
            },
            "Bio. Ref. Interval": {
                "value": "",
                "confidence": 100.0
            }
        },
        {
            "Test Name": {
                "value": "HbA1c (GLYCOSYLATED",
                "confidence": 89.0
            },
            "Results": {
                "value": "",
                "confidence": 100.0
            },
            "Units": {
                "value": "",
                "confidence": 100.0
            },
            "Bio. Ref. Interval": {
                "value": "",
                "confidence": 100.0
            }
        },
        {
            "Test Name": {
                "value": "HbA1c",
                "confidence": 59.0
            },
            "Results": {
                "value": "5.4",
                "confidence": 92.0
            },
            "Units": {
                "value": "",
                "confidence": 100.0
            },
            "Bio. Ref. Interval": {
                "value": "4.00 5.60",
                "confidence": 92.0
            }
        },
        {
            "Test Name": {
                "value": "Estimated average glucose (eAG)",
                "confidence": 92.0
            },
            "Results": {
                "value": "108",
                "confidence": 96.0
            },
            "Units": {
                "value": "mg/dL",
                "confidence": 90.0
            },
            "Bio. Ref. Interval": {
                "value": "",
                "confidence": 100.0
            }
        },
        {
            "Test Name": {
                "value": "|",
                "confidence": 80.0
            },
            "Results": {
                "value": "5.7-6.4 |",
                "confidence": 89.0
            },
            "Units": {
                "value": "| <7.0",
                "confidence": 88.0
            },
            "Bio. Ref. Interval": {
                "value": "|",
                "confidence": 85.0
            }
        },
        {
            "Test Name": {
                "value": "particularly when the HbA1C result",
                "confidence": 91.0
            },
            "Results": {
                "value": "with the patient's",
                "confidence": 0.0
            },
            "Units": {
                "value": "glucose levels.",
                "confidence": 95.0
            },
            "Bio. Ref. Interval": {
                "value": "",
                "confidence": 100.0
            }
        },
        {
            "Test Name": {
                "value": "| MEASUREMENT",
                "confidence": 93.0
            },
            "Results": {
                "value": "HBA1C RESULTS",
                "confidence": 88.0
            },
            "Units": {
                "value": "",
                "confidence": 100.0
            },
            "Bio. Ref. Interval": {
                "value": "",
                "confidence": 100.0
            }
        },
        {
            "Test Name": {
                "value": "Hemoglobin",
                "confidence": 95.0
            },
            "Results": {
                "value": "9.10",
                "confidence": 96.0
            },
            "Units": {
                "value": "g/dL",
                "confidence": 94.0
            },
            "Bio. Ref. Interval": {
                "value": "12.00 15.00",
                "confidence": 92.0
            }
        },
        {
            "Test Name": {
                "value": "Packed Cell Volume (PCV)",
                "confidence": 95.0
            },
            "Results": {
                "value": "33.30",
                "confidence": 95.0
            },
            "Units": {
                "value": "%",
                "confidence": 91.0
            },
            "Bio. Ref. Interval": {
                "value": "36.00 46.00",
                "confidence": 93.0
            }
        },
        {
            "Test Name": {
                "value": "RBC Count",
                "confidence": 95.0
            },
            "Results": {
                "value": "4.51",
                "confidence": 94.0
            },
            "Units": {
                "value": "mill/mm3",
                "confidence": 87.0
            },
            "Bio. Ref. Interval": {
                "value": "3.80 4.80",
                "confidence": 92.0
            }
        },
        {
            "Test Name": {
                "value": "MCV",
                "confidence": 96.0
            },
            "Results": {
                "value": "73.80",
                "confidence": 96.0
            },
            "Units": {
                "value": "fL",
                "confidence": 86.0
            },
            "Bio. Ref. Interval": {
                "value": "83.00 101.00",
                "confidence": 91.0
            }
        },
        {
            "Test Name": {
                "value": "Mentzer Index",
                "confidence": 92.0
            },
            "Results": {
                "value": "16.4",
                "confidence": 96.0
            },
            "Units": {
                "value": "",
                "confidence": 100.0
            },
            "Bio. Ref. Interval": {
                "value": "",
                "confidence": 100.0
            }
        },
        {
            "Test Name": {
                "value": "MCH",
                "confidence": 91.0
            },
            "Results": {
                "value": "20.20",
                "confidence": 96.0
            },
            "Units": {
                "value": "pg",
                "confidence": 96.0
            },
            "Bio. Ref. Interval": {
                "value": "27.00 32.00",
                "confidence": 93.0
            }
        },
        {
            "Test Name": {
                "value": "MCHC",
                "confidence": 96.0
            },
            "Results": {
                "value": "27.30",
                "confidence": 96.0
            },
            "Units": {
                "value": "g/dL",
                "confidence": 89.0
            },
            "Bio. Ref. Interval": {
                "value": "31.50 34.50",
                "confidence": 93.0
            }
        },
        {
            "Test Name": {
                "value": "Red Cell Distribution Width (RDW)",
                "confidence": 91.0
            },
            "Results": {
                "value": "18.70",
                "confidence": 96.0
            },
            "Units": {
                "value": "%",
                "confidence": 91.0
            },
            "Bio. Ref. Interval": {
                "value": "11.60 14.00",
                "confidence": 92.0
            }
        },
        {
            "Test Name": {
                "value": "Total Leukocyte Count (TLC)",
                "confidence": 95.0
            },
            "Results": {
                "value": "6.30",
                "confidence": 95.0
            },
            "Units": {
                "value": "thou/mm3",
                "confidence": 91.0
            },
            "Bio. Ref. Interval": {
                "value": "4.00 10.00",
                "confidence": 93.0
            }
        },
        {
            "Test Name": {
                "value": "Segmented Neutrophils",
                "confidence": 96.0
            },
            "Results": {
                "value": "66.60",
                "confidence": 96.0
            },
            "Units": {
                "value": "%",
                "confidence": 89.0
            },
            "Bio. Ref. Interval": {
                "value": "40.00 80.00",
                "confidence": 91.0
            }
        },
        {
            "Test Name": {
                "value": "Lymphocytes",
                "confidence": 96.0
            },
            "Results": {
                "value": "23.80",
                "confidence": 95.0
            },
            "Units": {
                "value": "%",
                "confidence": 89.0
            },
            "Bio. Ref. Interval": {
                "value": "20.00 40.00",
                "confidence": 92.0
            }
        },
        {
            "Test Name": {
                "value": "Monocytes",
                "confidence": 96.0
            },
            "Results": {
                "value": "5.90",
                "confidence": 96.0
            },
            "Units": {
                "value": "%",
                "confidence": 89.0
            },
            "Bio. Ref. Interval": {
                "value": "2.00 10.00",
                "confidence": 90.0
            }
        },
        {
            "Test Name": {
                "value": "Eosinophils",
                "confidence": 96.0
            },
            "Results": {
                "value": "2.90",
                "confidence": 96.0
            },
            "Units": {
                "value": "%",
                "confidence": 89.0
            },
            "Bio. Ref. Interval": {
                "value": "1.00 6.00",
                "confidence": 92.0
            }
        },
        {
            "Test Name": {
                "value": "Basophils",
                "confidence": 92.0
            },
            "Results": {
                "value": "0.80",
                "confidence": 96.0
            },
            "Units": {
                "value": "%",
                "confidence": 92.0
            },
            "Bio. Ref. Interval": {
                "value": "<2.00",
                "confidence": 92.0
            }
        },
        {
            "Test Name": {
                "value": "Neutrophils",
                "confidence": 96.0
            },
            "Results": {
                "value": "4.20",
                "confidence": 95.0
            },
            "Units": {
                "value": "thou/mm3",
                "confidence": 91.0
            },
            "Bio. Ref. Interval": {
                "value": "2.00 7.00",
                "confidence": 93.0
            }
        },
        {
            "Test Name": {
                "value": "Lymphocytes",
                "confidence": 96.0
            },
            "Results": {
                "value": "1.50",
                "confidence": 96.0
            },
            "Units": {
                "value": "thou/mm3",
                "confidence": 90.0
            },
            "Bio. Ref. Interval": {
                "value": "1.00 3.00",
                "confidence": 92.0
            }
        },
        {
            "Test Name": {
                "value": "Monocytes",
                "confidence": 96.0
            },
            "Results": {
                "value": "0.37",
                "confidence": 96.0
            },
            "Units": {
                "value": "thou/mm3",
                "confidence": 90.0
            },
            "Bio. Ref. Interval": {
                "value": "0.20 1.00",
                "confidence": 93.0
            }
        },
        {
            "Test Name": {
                "value": "Eosinophils",
                "confidence": 96.0
            },
            "Results": {
                "value": "0.18",
                "confidence": 96.0
            },
            "Units": {
                "value": "thou/mm3",
                "confidence": 91.0
            },
            "Bio. Ref. Interval": {
                "value": "0.02 0.50",
                "confidence": 93.0
            }
        },
        {
            "Test Name": {
                "value": "Basophils",
                "confidence": 91.0
            },
            "Results": {
                "value": "0.05",
                "confidence": 96.0
            },
            "Units": {
                "value": "thou/mm3",
                "confidence": 89.0
            },
            "Bio. Ref. Interval": {
                "value": "0.02 0.10",
                "confidence": 93.0
            }
        },
        {
            "Test Name": {
                "value": "Platelet Count",
                "confidence": 95.0
            },
            "Results": {
                "value": "478",
                "confidence": 96.0
            },
            "Units": {
                "value": "thou/mm3",
                "confidence": 88.0
            },
            "Bio. Ref. Interval": {
                "value": "150.00 410.00",
                "confidence": 93.0
            }
        },
        {
            "Test Name": {
                "value": "Mean Platelet Volume",
                "confidence": 95.0
            },
            "Results": {
                "value": "10.1",
                "confidence": 96.0
            },
            "Units": {
                "value": "fL",
                "confidence": 73.0
            },
            "Bio. Ref. Interval": {
                "value": "6.5 12.0",
                "confidence": 92.0
            }
        },
        {
            "Test Name": {
                "value": "2. Test conducted on EDTA",
                "confidence": 94.0
            },
            "Results": {
                "value": "",
                "confidence": 100.0
            },
            "Units": {
                "value": "",
                "confidence": 100.0
            },
            "Bio. Ref. Interval": {
                "value": "",
                "confidence": 100.0
            }
        }
    ],
    "metadata": {
        "extraction_method": "dynamic_rule_based_v6",
        "num_tests_extracted": 89,
        "detected_columns": [
            "Test Name",
            "Results",
            "Units",
            "Bio. Ref. Interval"
        ]
    }
}